College,City,Role,Previous CTC,Previous job change,Graduation Marks,EXP (Month),CTC
Manipal Main Campus,Dehradun,Manager,48921.46,2,35,63,56881.69
IIIT Delhi,Kolkata,Executive,56765.72,2,49,54,66560.75
"KIIT, Bhubaneswar",Rourkela,Executive,57111.46,2,39,19,77608.44
IIT Bombay,Hyderabad,Executive,56000.92,1,49,58,100029.51
IIIT Delhi,Rourkela,Executive,60631.89,4,52,47,98289.2
IIT Delhi,Kozhikode,Executive,44994.75,1,43,30,96913.34
NIT Bhopal,Kozhikode,Executive,54600.51,2,57,30,80727.99
NIT Calicut,Mumbai,Executive,57953.57,2,82,19,72327.97
"KIIT, Bhubaneswar",Mumbai,Executive,52827.96,2,48,32,70227.29
"KIIT, Bhubaneswar",Rajpur Sonarpur,Executive,53091.3,2,57,19,95912.33
VIT Vellore,Rourkela,Executive,64595.28,3,36,49,94823.33
IGDTUW,Delhi,Executive,74772.62,4,54,30,83732.96
IIIT Delhi,Kozhikode,Executive,52444.22,1,50,23,113753.06
IGDTUW,Asansol,Executive,71727.46,2,43,54,97131.88
IIITM Gwalior,Asansol,Executive,54001.98,1,48,30,56876.76
IIT Bombay,Delhi,Executive,44095.02,4,37,63,55060.19
IIITM Gwalior,Chennai,Executive,61618.53,3,69,22,86181.88
"KIIT, Bhubaneswar",Durgapur,Executive,48685.08,1,46,54,100051.8
IIITM Gwalior,Rourkela,Executive,40371.37,2,78,48,91143.03
IIT Madras,Delhi,Executive,40110.11,4,48,49,65093.89
"Ramaiah Institute of Technology, Bengaluru",Chennai,Executive,49190.85,3,60,39,92598.92
IIITM Gwalior,Asansol,Executive,74600.34,4,56,57,104921.96
IIIT Bangalore,Kozhikode,Executive,68577.47,1,61,28,74406.36
Manipal Main Campus,Mumbai,Executive,64467.13,1,85,32,80624.93
SVNIT Surat,Mumbai,Executive,61370.53,1,77,18,103013.25
IIITM Gwalior,Rajpur Sonarpur,Executive,68900.65,2,62,42,72611.97
"KIIT, Bhubaneswar",Asansol,Executive,67685.41,4,70,40,64383.55
"KIIT, Bhubaneswar",Kozhikode,Executive,52995.79,1,81,42,91315.47
NIT Bhopal,Ajmer,Executive,42553.74,1,61,48,71789.33
SRM Main Campus,Delhi,Executive,50432.95,3,42,57,109318.34
IIT Delhi,Mumbai,Manager,73036.2,1,76,62,68535.53
IIT Madras,Bangalore,Executive,51610.77,3,85,34,85552.43
DTU,Kolkata,Executive,69474.54,2,65,25,61792.42
"Ramaiah Institute of Technology, Bengaluru",Ajmer,Executive,43460.46,4,83,61,68943.89
SRM Main Campus,Bangalore,Executive,71405.46,1,41,57,89479.0
IIT Kanpur,Bangalore,Executive,54636.21,4,69,35,64968.72
"Ramaiah Institute of Technology, Bengaluru",Hyderabad,Manager,52610.98,3,49,20,106086.54
IIIT Delhi,Delhi,Executive,62295.28,1,49,49,55779.51
DTU,Rajpur Sonarpur,Manager,71925.45,3,66,59,116946.61
SRM Main Campus,Rajpur Sonarpur,Executive,48947.38,4,52,49,90706.41
"IEM, Kolkata",Kozhikode,Executive,54160.02,1,50,47,109446.81
IIT Madras,Rourkela,Manager,55804.57,2,83,20,115520.43
SVNIT Surat,Chennai,Executive,40154.76,1,82,25,63463.26
IGDTUW,Chennai,Executive,64686.44,2,70,23,111681.56
"IEM, Kolkata",Asansol,Executive,50625.5,2,71,54,95885.79
TIET/Thapar University,Dehradun,Executive,54269.9,4,47,57,117608.86
SVNIT Surat,Dehradun,Executive,51396.96,1,69,56,86357.44
"KIIT, Bhubaneswar",Delhi,Executive,44944.3,3,80,47,62263.91
VIT Vellore,Mumbai,Manager,54458.18,2,60,45,75845.06
IIT Kanpur,Chennai,Executive,44094.66,4,48,33,71160.53
IIIT Delhi,Asansol,Manager,63561.21,1,36,31,115377.63
"IEM, Kolkata",Hyderabad,Executive,52593.34,2,39,35,113275.65
NIT Calicut,Hyderabad,Executive,42944.87,2,83,50,59605.81
IIIT Delhi,Delhi,Manager,59781.96,3,71,22,71083.64
SRM Main Campus,Mumbai,Executive,60877.37,3,56,26,63140.91
IIIT Delhi,Kozhikode,Manager,73311.48,2,66,42,82630.77
DTU,Rajpur Sonarpur,Manager,51724.39,2,84,41,77035.56
DTU,Rourkela,Executive,54280.31,1,59,57,66936.2
IIT Delhi,Rajpur Sonarpur,Executive,69991.9,2,76,26,88580.26
IIT Kanpur,Rourkela,Executive,45154.11,2,55,42,99873.11
"Ramaiah Institute of Technology, Bengaluru",Bangalore,Executive,45320.39,4,57,36,56560.67
IIT Kanpur,Hyderabad,Executive,58405.56,3,35,46,72689.66
"KIIT, Bhubaneswar",Chennai,Manager,43143.06,1,84,30,104275.05
VIT Vellore,Kolkata,Executive,62164.97,3,76,48,101861.82
VIT Vellore,Ajmer,Executive,73032.86,1,66,50,56776.54
TIET/Thapar University,Chennai,Executive,67493.33,4,41,59,98513.59
IIITM Gwalior,Ajmer,Executive,70060.83,2,85,48,111445.57
TIET/Thapar University,Delhi,Executive,69116.07,4,83,41,73385.16
IIT Madras,Hyderabad,Executive,57658.07,2,69,21,74425.87
SRM Main Campus,Dehradun,Manager,70966.45,1,60,56,100571.01
IGDTUW,Asansol,Executive,53242.2,4,81,56,76686.24
IIT Delhi,Dehradun,Executive,41968.83,3,45,26,109884.26
"KIIT, Bhubaneswar",Kolkata,Executive,52045.77,4,83,37,67712.99
IIT Madras,Delhi,Executive,50259.0,4,71,45,66315.45
"IEM, Kolkata",Mumbai,Executive,62359.97,3,79,40,95973.9
Manipal Main Campus,Hyderabad,Executive,56463.99,3,36,42,61425.55
IIT Kharagpur,Rourkela,Executive,61399.24,4,58,48,78445.13
IIT Delhi,Bangalore,Manager,63844.79,2,41,20,96975.25
IIIT Bangalore,Asansol,Manager,50806.6,1,35,32,85267.82
Manipal Main Campus,Chennai,Executive,46360.22,1,38,50,84750.85
IIITM Gwalior,Chennai,Executive,65042.3,3,49,44,99045.65
DTU,Rajpur Sonarpur,Executive,48036.4,2,80,34,71517.04
VIT Vellore,Ajmer,Manager,54765.97,2,71,36,55724.82
IIT Kanpur,Dehradun,Executive,42537.16,2,68,28,69442.57
IIT Kanpur,Rajpur Sonarpur,Executive,67803.71,4,51,20,112490.77
NIT Bhopal,Dehradun,Executive,74867.43,3,64,49,71223.31
IGDTUW,Rourkela,Executive,57212.57,3,44,21,100917.61
SRM Main Campus,Kolkata,Executive,40590.98,2,71,56,73585.67
IIT Madras,Chennai,Executive,49624.16,2,52,62,82429.54
IIITM Gwalior,Dehradun,Executive,66861.7,3,53,23,69997.95
DTU,Durgapur,Executive,69571.66,2,42,58,92033.7
SRM Main Campus,Hyderabad,Manager,44288.01,2,53,41,62125.56
"Ramaiah Institute of Technology, Bengaluru",Ajmer,Executive,42265.47,3,61,41,65514.25
TIET/Thapar University,Rourkela,Executive,73784.08,4,84,48,101829.74
IIT Madras,Bangalore,Executive,43659.56,1,49,22,87140.86
"Ramaiah Institute of Technology, Bengaluru",Delhi,Executive,64576.79,2,79,31,76295.09
TIET/Thapar University,Asansol,Manager,61934.22,1,41,36,106919.2
IGDTUW,Ajmer,Executive,47429.73,4,57,20,76861.71
IIT Delhi,Asansol,Executive,60530.98,2,51,18,89089.83
IGDTUW,Dehradun,Executive,48353.61,3,75,40,70220.16
NIT Bhopal,Mumbai,Executive,56178.96,2,35,38,113179.51
IIT Madras,Bangalore,Manager,52930.19,3,42,31,116101.74
VIT Vellore,Kolkata,Executive,73025.82,3,64,18,80259.63
IIT Delhi,Rourkela,Executive,67524.21,3,57,62,91842.6
"Ramaiah Institute of Technology, Bengaluru",Kolkata,Executive,50119.25,3,37,19,64952.5
Manipal Main Campus,Bangalore,Manager,40306.13,4,57,52,59288.55
IIT Delhi,Dehradun,Manager,43386.69,4,60,43,87979.36
"IEM, Kolkata",Delhi,Executive,71047.32,3,55,24,118639.48
Manipal Main Campus,Kozhikode,Executive,62671.79,2,39,29,80970.82
VIT Vellore,Bangalore,Executive,58099.9,1,55,21,56653.6
SRM Main Campus,Mumbai,Manager,55047.69,4,76,53,114429.06
IIT Kharagpur,Rajpur Sonarpur,Executive,40850.32,2,47,49,101124.5
IIT Kanpur,Bangalore,Executive,44777.13,4,35,37,56683.52
"Ramaiah Institute of Technology, Bengaluru",Rajpur Sonarpur,Executive,72828.54,2,66,19,86020.24
VIT Vellore,Asansol,Executive,52371.63,4,44,20,91729.02
IIIT Bangalore,Ajmer,Executive,71474.86,4,82,56,90051.78
IIITM Gwalior,Kozhikode,Manager,67995.43,3,42,23,73171.76
IIT Bombay,Rourkela,Manager,66959.16,3,61,40,110932.59
SRM Main Campus,Chennai,Manager,42475.37,1,46,29,95322.7
"Ramaiah Institute of Technology, Bengaluru",Chennai,Executive,47636.54,1,72,27,104606.0
IIIT Bangalore,Asansol,Executive,66857.74,2,41,51,55848.97
IIIT Bangalore,Dehradun,Executive,66977.78,4,40,44,104133.5
IIITM Gwalior,Delhi,Manager,41423.96,1,42,40,63422.67
NIT Bhopal,Mumbai,Executive,52360.41,2,74,49,61859.33
SRM Main Campus,Dehradun,Executive,56412.37,2,51,63,109157.5
NIT Calicut,Bangalore,Executive,46341.92,1,38,56,68188.05
"IEM, Kolkata",Delhi,Executive,41597.63,1,72,30,68892.93
IIIT Delhi,Kozhikode,Executive,71197.46,4,50,59,92949.67
DTU,Kozhikode,Executive,57940.34,1,68,32,99911.11
IIT Madras,Hyderabad,Executive,64380.82,1,68,34,117644.38
NIT Bhopal,Bangalore,Executive,54324.41,3,51,48,61344.63
IIT Kanpur,Rourkela,Executive,43503.68,4,38,25,107541.47
IIT Kanpur,Ajmer,Executive,73299.35,3,73,35,95255.96
IIIT Bangalore,Chennai,Executive,67626.89,2,66,35,103426.05
IIITM Gwalior,Bangalore,Executive,59970.88,2,80,53,119350.39
IIIT Bangalore,Chennai,Executive,57495.83,2,69,59,64645.59
VIT Vellore,Mumbai,Executive,65604.44,3,73,64,113307.03
VIT Vellore,Mumbai,Executive,73901.72,2,58,23,70849.94
DTU,Chennai,Manager,42941.15,2,71,48,102589.25
NIT Calicut,Bangalore,Manager,65832.32,4,46,25,59958.53
IGDTUW,Hyderabad,Manager,73643.54,1,80,22,89198.44
DTU,Rourkela,Executive,52848.85,4,48,31,75660.7
IGDTUW,Hyderabad,Executive,53094.53,3,39,63,89287.27
IIT Kharagpur,Delhi,Executive,44025.58,1,85,42,69510.83
NIT Calicut,Rajpur Sonarpur,Executive,52157.4,3,36,33,95638.98
NIT Bhopal,Durgapur,Executive,43700.28,1,53,53,108898.3
VIT Vellore,Hyderabad,Manager,58709.3,1,71,21,67707.79
Manipal Main Campus,Kozhikode,Executive,57433.2,4,55,55,76196.9
IIIT Bangalore,Delhi,Executive,52867.27,2,51,36,106176.67
VIT Vellore,Bangalore,Executive,64957.6,4,37,63,82724.5
IIT Delhi,Kozhikode,Executive,41839.9,4,57,53,62654.44
"IEM, Kolkata",Bangalore,Executive,44608.02,2,60,19,67753.78
IIITM Gwalior,Bangalore,Executive,73839.1,1,41,45,102818.61
IIIT Delhi,Kolkata,Manager,60332.68,3,79,25,102781.79
IIITM Gwalior,Rourkela,Executive,51610.36,2,59,58,74844.39
IIT Kharagpur,Dehradun,Executive,40135.05,4,68,44,62124.37
VIT Vellore,Bangalore,Executive,40327.85,3,42,64,110422.96
IIT Kanpur,Chennai,Executive,74117.8,2,79,27,90645.73
VIT Vellore,Dehradun,Executive,64650.79,1,38,39,96259.08
IIT Delhi,Bangalore,Executive,74961.22,3,64,47,112398.47
TIET/Thapar University,Ajmer,Executive,55705.62,3,49,61,111549.51
IIT Delhi,Kolkata,Executive,60494.46,3,84,54,104397.89
Manipal Main Campus,Durgapur,Executive,61249.04,1,35,20,87478.86
Manipal Main Campus,Bangalore,Executive,45630.34,2,38,21,81319.24
DTU,Asansol,Executive,43342.11,1,64,30,99595.16
IGDTUW,Kolkata,Executive,64014.55,2,55,42,65763.05
DTU,Kozhikode,Executive,48564.4,4,74,58,116608.36
NIT Calicut,Chennai,Executive,69497.18,1,82,21,72081.94
VIT Vellore,Delhi,Manager,45957.75,3,56,44,107742.91
VIT Vellore,Hyderabad,Manager,46437.39,4,66,59,76838.48
NIT Bhopal,Asansol,Executive,65379.05,3,45,44,111374.13
IGDTUW,Ajmer,Manager,43938.45,2,80,19,96750.34
IIT Delhi,Ajmer,Manager,65459.08,4,45,39,56157.3
TIET/Thapar University,Hyderabad,Executive,51528.82,1,68,35,100851.4
IIT Madras,Rourkela,Executive,53284.52,1,77,40,109588.78
IIIT Bangalore,Hyderabad,Executive,71219.38,3,38,21,60023.27
SRM Main Campus,Rajpur Sonarpur,Manager,59007.81,2,51,49,118942.24
"Ramaiah Institute of Technology, Bengaluru",Durgapur,Manager,46592.85,3,52,41,106226.13
IIT Madras,Asansol,Executive,51773.44,1,50,25,84238.54
"IEM, Kolkata",Dehradun,Manager,53899.38,2,80,41,107438.63
NIT Bhopal,Mumbai,Executive,68098.77,2,79,60,72999.33
IIT Kharagpur,Dehradun,Executive,44350.87,3,81,23,86446.62
IIIT Delhi,Delhi,Manager,59740.73,3,64,55,81051.25
"IEM, Kolkata",Mumbai,Executive,72597.07,3,80,57,69601.28
IIT Madras,Chennai,Manager,46030.61,4,84,23,87941.85
"Ramaiah Institute of Technology, Bengaluru",Ajmer,Manager,46426.95,4,76,54,64765.02
IIIT Delhi,Chennai,Executive,55913.41,3,76,54,76672.66
Manipal Main Campus,Hyderabad,Executive,67741.04,3,50,35,104350.29
IIT Bombay,Kozhikode,Executive,66959.87,4,62,55,68123.18
IIT Madras,Kolkata,Manager,54518.08,2,44,35,100038.98
IIIT Delhi,Dehradun,Executive,43784.53,2,85,25,59328.95
NIT Calicut,Ajmer,Manager,65707.06,2,57,30,107778.39
SVNIT Surat,Kozhikode,Manager,73464.67,4,80,20,63038.11
"Ramaiah Institute of Technology, Bengaluru",Kozhikode,Executive,45114.91,4,41,35,90224.11
IIT Madras,Delhi,Manager,59489.47,3,40,55,89678.82
Manipal Main Campus,Rourkela,Manager,69600.83,3,65,38,78384.95
NIT Bhopal,Delhi,Executive,61685.95,2,79,41,78958.09
VIT Vellore,Delhi,Manager,66482.09,3,64,57,74090.55
IIT Bombay,Kozhikode,Manager,57180.64,3,70,55,105618.05
"KIIT, Bhubaneswar",Rourkela,Executive,53007.4,1,82,21,93323.79
NIT Calicut,Ajmer,Executive,60249.9,2,49,60,80273.48
IIIT Delhi,Bangalore,Manager,67664.65,3,59,41,65056.01
TIET/Thapar University,Asansol,Executive,42939.11,4,49,60,87881.86
VIT Vellore,Chennai,Manager,51522.71,3,59,40,94052.01
NIT Bhopal,Hyderabad,Executive,45067.35,4,77,32,76022.62
NIT Bhopal,Hyderabad,Executive,42946.28,4,36,32,82210.34
NIT Calicut,Asansol,Executive,50383.53,3,49,58,66018.36
NIT Bhopal,Mumbai,Executive,46151.92,2,58,53,74159.12
SRM Main Campus,Bangalore,Manager,53765.73,3,70,52,106225.67
DTU,Kolkata,Executive,41689.04,2,54,61,68683.41
IIT Kanpur,Ajmer,Manager,49247.75,2,54,27,87808.66
TIET/Thapar University,Kozhikode,Executive,43413.02,1,63,50,95640.53
IIT Delhi,Asansol,Executive,55976.93,1,78,43,68840.47
SRM Main Campus,Rourkela,Executive,64365.63,3,53,48,56309.35
"IEM, Kolkata",Chennai,Executive,55806.91,3,38,40,85417.36
VIT Vellore,Asansol,Executive,57882.93,4,61,32,67540.81
TIET/Thapar University,Ajmer,Executive,57662.25,4,38,59,115751.27
Manipal Main Campus,Kolkata,Executive,58812.27,1,71,61,78628.3
IIIT Delhi,Asansol,Manager,42055.61,3,47,19,56244.49
DTU,Mumbai,Manager,62339.59,2,56,61,60450.16
Manipal Main Campus,Durgapur,Manager,52603.04,1,75,31,119101.29
IIT Kharagpur,Asansol,Executive,49878.68,4,50,63,111388.37
IIITM Gwalior,Asansol,Executive,41114.92,4,45,18,70950.82
NIT Calicut,Dehradun,Executive,52197.95,4,41,55,109468.98
NIT Bhopal,Dehradun,Executive,74583.88,1,70,21,56849.89
VIT Vellore,Mumbai,Manager,45267.02,1,64,57,74279.39
Manipal Main Campus,Chennai,Executive,62556.44,2,39,31,94252.59
IIT Delhi,Hyderabad,Executive,43132.48,2,71,27,85541.18
IIT Bombay,Kolkata,Executive,73508.1,1,35,62,108503.8
NIT Calicut,Durgapur,Executive,60180.37,2,48,19,93595.64
VIT Vellore,Mumbai,Manager,64232.97,4,49,20,115027.59
IIIT Delhi,Mumbai,Executive,70065.34,2,43,46,73363.69
IIIT Bangalore,Bangalore,Executive,55686.43,1,71,31,77044.89
"Ramaiah Institute of Technology, Bengaluru",Asansol,Executive,68556.45,4,85,42,57958.15
SRM Main Campus,Mumbai,Manager,72319.6,3,74,42,70728.64
"IEM, Kolkata",Chennai,Executive,66615.87,4,70,50,63435.22
SRM Main Campus,Rajpur Sonarpur,Executive,52512.63,1,56,38,70445.3
IGDTUW,Durgapur,Executive,72979.99,4,74,36,118058.63
DTU,Dehradun,Manager,49398.0,1,53,19,73248.47
TIET/Thapar University,Delhi,Executive,61275.61,4,74,25,115779.24
IIIT Bangalore,Mumbai,Executive,49187.31,3,80,42,72495.85
SRM Main Campus,Durgapur,Manager,51238.89,4,60,18,98742.76
IGDTUW,Rourkela,Manager,53751.05,4,77,61,102727.72
IIIT Delhi,Asansol,Executive,67305.16,2,54,30,82065.33
TIET/Thapar University,Rourkela,Manager,53401.44,4,42,33,98469.74
IIT Kharagpur,Durgapur,Executive,47585.9,1,68,50,70886.37
Manipal Main Campus,Chennai,Executive,40188.49,3,38,52,80261.59
TIET/Thapar University,Rajpur Sonarpur,Executive,55612.24,4,69,20,111337.02
"Ramaiah Institute of Technology, Bengaluru",Ajmer,Executive,70934.55,1,50,52,88955.19
NIT Calicut,Bangalore,Executive,69453.17,4,57,45,81270.41
IGDTUW,Rourkela,Executive,63116.27,4,71,44,82744.24
Manipal Main Campus,Rourkela,Manager,51563.48,3,55,44,80810.1
VIT Vellore,Bangalore,Executive,55076.86,4,46,58,75463.83
TIET/Thapar University,Bangalore,Manager,67833.81,4,73,40,69666.5
IIT Kharagpur,Kozhikode,Manager,65639.32,1,62,34,97143.63
VIT Vellore,Delhi,Executive,64466.43,1,82,64,93147.82
IIT Madras,Kolkata,Executive,52628.34,4,49,33,118170.71
IIT Kharagpur,Dehradun,Executive,62189.02,1,43,20,81040.12
IIIT Delhi,Ajmer,Executive,51960.6,3,62,28,90522.37
"IEM, Kolkata",Kozhikode,Executive,52659.0,3,38,59,116367.76
IGDTUW,Hyderabad,Manager,48965.48,1,84,34,105326.24
IIT Kanpur,Asansol,Executive,42749.1,4,51,59,113977.96
"KIIT, Bhubaneswar",Rajpur Sonarpur,Executive,73187.46,1,57,47,91864.38
IIIT Bangalore,Hyderabad,Executive,60056.95,1,51,38,98687.53
IIT Bombay,Bangalore,Manager,66511.01,1,79,61,94652.5
VIT Vellore,Chennai,Executive,43755.92,1,53,60,84385.26
IIT Kanpur,Delhi,Executive,53754.14,3,67,23,59588.83
NIT Bhopal,Rajpur Sonarpur,Executive,72976.08,2,79,54,57069.16
NIT Calicut,Ajmer,Executive,46356.65,1,59,21,118184.97
IIT Kharagpur,Durgapur,Executive,72273.86,1,66,34,57471.38
"Ramaiah Institute of Technology, Bengaluru",Rajpur Sonarpur,Executive,66347.04,2,53,59,78125.18
Manipal Main Campus,Bangalore,Executive,60345.05,1,73,42,63329.54
IIITM Gwalior,Chennai,Executive,71445.98,1,59,53,95360.32
"KIIT, Bhubaneswar",Bangalore,Manager,41254.33,3,63,59,65880.53
IGDTUW,Asansol,Manager,45979.32,4,85,32,90686.44
"KIIT, Bhubaneswar",Asansol,Manager,59468.53,2,72,18,72962.41
"IEM, Kolkata",Mumbai,Manager,64719.42,4,80,26,64843.12
IIIT Delhi,Rajpur Sonarpur,Manager,42842.79,3,83,20,89572.51
"KIIT, Bhubaneswar",Mumbai,Executive,40530.62,3,78,59,106718.79
"Ramaiah Institute of Technology, Bengaluru",Delhi,Executive,57023.69,4,75,40,98356.74
IIT Bombay,Rourkela,Executive,63042.98,3,71,31,96164.96
VIT Vellore,Durgapur,Manager,65596.73,1,57,47,60432.39
NIT Bhopal,Rourkela,Executive,51529.76,1,83,35,83198.81
IIT Kanpur,Asansol,Executive,50582.0,4,45,37,89542.07
IIT Kharagpur,Mumbai,Executive,73297.11,4,67,40,118598.5
IIITM Gwalior,Chennai,Manager,71501.42,1,58,28,119295.99
IIT Bombay,Dehradun,Executive,51756.01,3,61,22,63372.03
TIET/Thapar University,Rourkela,Manager,73927.33,2,77,56,113280.09
IIT Kanpur,Chennai,Executive,48715.5,4,40,42,109153.07
IIT Madras,Dehradun,Executive,61617.99,1,70,56,97662.93
NIT Calicut,Kolkata,Executive,63805.68,1,51,57,81663.01
IIT Bombay,Kolkata,Executive,59582.0,2,35,42,75455.81
IIT Kharagpur,Kozhikode,Executive,51488.45,4,45,59,94658.93
IIT Kharagpur,Ajmer,Executive,58032.21,2,47,34,64941.81
"IEM, Kolkata",Kolkata,Executive,43950.52,2,68,62,106675.65
SRM Main Campus,Kozhikode,Manager,74556.5,3,39,43,113842.47
"IEM, Kolkata",Rourkela,Executive,50326.91,1,72,50,63564.9
Manipal Main Campus,Hyderabad,Executive,54944.47,3,57,51,117648.94
"Ramaiah Institute of Technology, Bengaluru",Kozhikode,Executive,40667.64,3,60,53,97973.36
IIITM Gwalior,Durgapur,Executive,62601.41,4,67,59,98915.12
"KIIT, Bhubaneswar",Delhi,Executive,59790.99,4,78,37,109337.85
"Ramaiah Institute of Technology, Bengaluru",Dehradun,Executive,71834.69,3,50,44,93581.81
VIT Vellore,Hyderabad,Executive,61127.59,2,43,44,110927.63
NIT Calicut,Chennai,Manager,57136.9,3,80,28,85658.05
"IEM, Kolkata",Hyderabad,Executive,52831.39,4,77,21,115024.28
IGDTUW,Durgapur,Executive,65546.31,3,35,26,114145.26
IIT Kanpur,Rourkela,Executive,55389.92,2,59,46,77016.06
IIT Delhi,Bangalore,Executive,41250.79,4,65,58,85884.31
NIT Bhopal,Durgapur,Executive,41232.04,2,74,60,79364.72
IIT Kharagpur,Kolkata,Executive,43884.97,1,47,61,87699.23
IIITM Gwalior,Mumbai,Executive,60772.08,2,35,45,111727.31
IGDTUW,Rajpur Sonarpur,Executive,61935.05,4,61,22,101389.07
IIT Kharagpur,Chennai,Executive,63889.24,1,51,27,78072.22
"Ramaiah Institute of Technology, Bengaluru",Hyderabad,Executive,63277.56,3,65,55,110044.88
IIT Bombay,Rajpur Sonarpur,Executive,65675.68,3,78,28,106393.7
IIT Madras,Durgapur,Manager,48212.62,2,37,37,89576.86
NIT Calicut,Delhi,Executive,55139.22,2,49,32,116533.84
VIT Vellore,Kozhikode,Executive,64746.67,2,43,44,115131.52
IIITM Gwalior,Delhi,Executive,62147.02,3,80,46,111161.14
IIT Kharagpur,Hyderabad,Executive,74399.91,2,65,25,76248.57
TIET/Thapar University,Chennai,Executive,69967.79,3,58,63,119515.74
IIIT Delhi,Chennai,Executive,47454.05,1,55,35,59100.82
SRM Main Campus,Asansol,Manager,48191.74,2,58,63,87800.1
IIT Kharagpur,Kozhikode,Executive,67703.52,3,39,19,101045.0
IIT Madras,Rajpur Sonarpur,Executive,56193.0,3,84,58,80317.59
IIT Bombay,Delhi,Executive,42825.44,2,35,42,63032.44
NIT Calicut,Asansol,Executive,54533.29,1,47,18,74358.57
DTU,Kozhikode,Manager,51078.94,1,56,60,105087.21
IIIT Bangalore,Ajmer,Manager,56433.71,1,76,30,65310.15
IIIT Bangalore,Dehradun,Executive,57406.37,1,57,20,99092.88
IIT Kanpur,Durgapur,Executive,46448.45,2,38,45,88736.02
IIT Kanpur,Kolkata,Executive,46615.52,3,55,38,65642.46
DTU,Durgapur,Manager,70193.51,1,79,43,92146.83
NIT Bhopal,Kozhikode,Executive,64003.7,1,82,59,56698.67
VIT Vellore,Bangalore,Executive,42311.16,1,37,50,114177.35
NIT Bhopal,Rajpur Sonarpur,Executive,54112.14,1,71,33,75100.1
NIT Bhopal,Durgapur,Executive,74807.99,3,57,62,78998.86
NIT Calicut,Chennai,Executive,55753.61,1,60,59,117542.46
IIT Madras,Rajpur Sonarpur,Manager,48858.43,4,70,57,68470.25
NIT Calicut,Kozhikode,Manager,67468.63,3,85,22,68744.98
SRM Main Campus,Kolkata,Executive,43954.14,1,79,21,61460.31
IIITM Gwalior,Dehradun,Executive,46914.53,2,38,35,107883.43
"KIIT, Bhubaneswar",Rajpur Sonarpur,Executive,61416.33,2,49,32,78931.77
"Ramaiah Institute of Technology, Bengaluru",Asansol,Executive,55409.39,3,45,53,113188.21
SRM Main Campus,Ajmer,Manager,62429.38,4,73,24,114388.64
SRM Main Campus,Rajpur Sonarpur,Manager,48915.79,4,73,40,68114.32
NIT Calicut,Kolkata,Executive,49376.94,3,67,27,82491.61
Manipal Main Campus,Kozhikode,Executive,67250.72,2,62,55,68861.89
"Ramaiah Institute of Technology, Bengaluru",Kolkata,Executive,74182.12,4,82,58,92615.37
SVNIT Surat,Kolkata,Executive,59771.17,1,42,26,76426.23
"IEM, Kolkata",Delhi,Executive,71430.77,3,44,29,93097.16
"Ramaiah Institute of Technology, Bengaluru",Hyderabad,Executive,70183.59,1,58,25,118656.52
IIT Kanpur,Kozhikode,Executive,43328.66,1,76,28,76155.86
IGDTUW,Ajmer,Manager,65581.29,2,37,43,78767.9
"KIIT, Bhubaneswar",Mumbai,Manager,46185.04,4,75,24,72383.67
IIT Kharagpur,Durgapur,Executive,73843.7,4,64,56,70136.88
IIIT Bangalore,Mumbai,Executive,40598.83,4,39,45,76157.24
NIT Calicut,Hyderabad,Manager,60413.64,4,79,60,118140.72
IIIT Bangalore,Chennai,Executive,67665.66,4,51,29,57279.8
IIITM Gwalior,Asansol,Manager,66351.01,4,65,43,85342.6
IIT Kharagpur,Mumbai,Manager,53201.99,4,66,25,73672.46
NIT Bhopal,Kolkata,Executive,66154.67,1,50,57,98649.63
Manipal Main Campus,Mumbai,Manager,70371.54,2,78,18,58632.93
Manipal Main Campus,Rourkela,Manager,64916.21,1,81,63,63870.16
SVNIT Surat,Durgapur,Executive,72973.35,4,48,41,94030.03
IIT Madras,Hyderabad,Executive,74727.81,3,82,63,103738.89
"IEM, Kolkata",Delhi,Executive,52234.8,3,58,19,69279.95
VIT Vellore,Dehradun,Executive,44443.18,1,61,56,91810.55
IIT Madras,Hyderabad,Manager,66254.86,4,51,20,107587.86
DTU,Dehradun,Manager,47880.96,1,47,44,80581.07
IIT Bombay,Bangalore,Manager,64442.47,2,79,37,93906.8
TIET/Thapar University,Kozhikode,Executive,67149.54,2,84,23,117097.54
IIT Madras,Rajpur Sonarpur,Executive,47808.23,2,37,40,99103.78
IIIT Bangalore,Kolkata,Executive,50891.29,2,46,58,101544.82
NIT Bhopal,Kolkata,Executive,64354.1,3,76,57,95006.07
VIT Vellore,Ajmer,Executive,64391.93,2,51,59,79578.82
Manipal Main Campus,Bangalore,Executive,44507.0,2,69,43,87012.37
NIT Bhopal,Delhi,Executive,61497.84,3,54,21,104215.27
NIT Calicut,Durgapur,Executive,66620.73,3,43,19,90370.15
IGDTUW,Mumbai,Manager,52571.68,2,67,26,72483.32
SVNIT Surat,Rajpur Sonarpur,Executive,41636.88,3,60,27,119365.32
"KIIT, Bhubaneswar",Dehradun,Executive,51522.85,1,44,58,101450.35
IIIT Bangalore,Hyderabad,Executive,67179.12,3,43,43,92488.57
DTU,Dehradun,Executive,49713.77,4,60,23,59763.49
IIT Delhi,Mumbai,Executive,40676.63,2,74,43,103675.96
Manipal Main Campus,Asansol,Manager,56506.0,4,36,39,101233.86
IIT Bombay,Durgapur,Executive,53694.05,4,52,46,74665.99
SVNIT Surat,Asansol,Manager,57193.74,1,75,52,105865.9
NIT Bhopal,Ajmer,Executive,47706.16,3,76,57,65577.63
VIT Vellore,Chennai,Executive,50847.04,2,50,59,67851.09
"KIIT, Bhubaneswar",Dehradun,Manager,51979.5,1,68,41,116008.09
"Ramaiah Institute of Technology, Bengaluru",Hyderabad,Executive,45242.48,3,42,56,64572.08
IIT Madras,Hyderabad,Manager,62067.5,1,69,20,115684.94
NIT Calicut,Durgapur,Manager,60603.27,4,62,27,106327.74
Manipal Main Campus,Dehradun,Executive,64655.12,4,65,59,96040.16
IGDTUW,Kozhikode,Manager,60531.62,1,75,44,119449.03
SVNIT Surat,Ajmer,Executive,52486.74,3,35,55,110128.91
SVNIT Surat,Rourkela,Executive,47041.93,2,41,62,85840.41
"IEM, Kolkata",Mumbai,Executive,50460.62,3,44,31,115852.54
IIT Delhi,Kozhikode,Executive,68541.19,4,46,26,61996.69
"KIIT, Bhubaneswar",Bangalore,Executive,65297.48,4,42,55,87249.12
IIT Madras,Hyderabad,Executive,56499.42,2,40,30,94676.49
IGDTUW,Kolkata,Executive,71974.33,1,67,27,99859.64
NIT Bhopal,Dehradun,Executive,46070.97,1,69,53,119596.72
DTU,Rourkela,Executive,48959.49,4,60,55,86251.24
IIT Kanpur,Asansol,Executive,46747.69,3,64,20,97554.7
NIT Bhopal,Delhi,Executive,44808.89,3,46,39,109879.29
"Ramaiah Institute of Technology, Bengaluru",Dehradun,Executive,46679.04,3,81,57,103730.25
IGDTUW,Dehradun,Executive,60577.62,3,49,52,75295.1
"Ramaiah Institute of Technology, Bengaluru",Dehradun,Executive,48115.96,2,77,50,99016.79
NIT Bhopal,Asansol,Executive,72662.04,1,60,19,62210.77
DTU,Chennai,Executive,55891.01,3,59,62,107627.35
Manipal Main Campus,Mumbai,Executive,70401.85,4,53,52,90293.66
IIITM Gwalior,Kozhikode,Executive,72681.23,1,68,30,92963.56
Manipal Main Campus,Hyderabad,Executive,51626.09,3,65,55,96024.39
Manipal Main Campus,Mumbai,Executive,45822.59,1,84,22,61822.05
TIET/Thapar University,Durgapur,Executive,55478.32,1,64,63,108325.38
IGDTUW,Rajpur Sonarpur,Executive,58275.73,1,47,34,56679.29
IIT Delhi,Ajmer,Executive,58559.44,2,48,42,69940.44
IIITM Gwalior,Asansol,Executive,66357.09,3,72,42,75077.54
IIT Kharagpur,Dehradun,Executive,40139.31,4,54,41,102700.79
"IEM, Kolkata",Chennai,Executive,46280.76,1,49,51,116089.13
Manipal Main Campus,Hyderabad,Executive,55052.63,4,57,57,104744.42
VIT Vellore,Dehradun,Executive,51613.45,3,77,48,81312.39
"KIIT, Bhubaneswar",Ajmer,Manager,53457.89,2,70,42,113743.37
"IEM, Kolkata",Kozhikode,Executive,58783.0,4,75,63,62611.92
IIIT Bangalore,Rajpur Sonarpur,Executive,48167.77,3,62,57,90979.57
TIET/Thapar University,Mumbai,Executive,67619.62,4,35,46,76404.74
NIT Calicut,Rourkela,Manager,56574.7,1,53,51,93653.96
IGDTUW,Asansol,Manager,63392.96,3,66,33,110283.75
IGDTUW,Mumbai,Manager,73399.46,1,60,31,77255.69
DTU,Kozhikode,Executive,71614.55,3,49,41,118738.59
"KIIT, Bhubaneswar",Hyderabad,Executive,60232.37,2,73,46,88786.54
IIT Madras,Dehradun,Executive,42356.52,2,78,47,100741.0
Manipal Main Campus,Bangalore,Executive,55810.32,1,72,50,73238.99
IIITM Gwalior,Delhi,Executive,69799.06,1,68,20,104109.52
IGDTUW,Dehradun,Executive,49552.56,2,51,43,101489.2
SRM Main Campus,Kozhikode,Executive,71787.62,4,39,31,71483.76
DTU,Rajpur Sonarpur,Executive,63692.97,4,75,18,113745.34
IIIT Delhi,Ajmer,Manager,64894.86,4,55,53,76921.65
DTU,Kozhikode,Executive,47715.84,1,61,59,117914.52
Manipal Main Campus,Rajpur Sonarpur,Executive,63111.22,3,48,64,65948.19
TIET/Thapar University,Kozhikode,Manager,52802.17,4,68,43,92670.4
IIITM Gwalior,Chennai,Executive,59866.01,3,84,40,79920.55
IIIT Bangalore,Bangalore,Executive,73254.52,4,57,52,65213.02
IIT Kanpur,Asansol,Executive,43760.25,2,69,61,60825.73
SVNIT Surat,Bangalore,Manager,55057.28,3,66,40,104273.26
IIIT Bangalore,Dehradun,Executive,65369.07,1,42,35,83567.36
"Ramaiah Institute of Technology, Bengaluru",Durgapur,Executive,66284.4,3,63,22,94342.06
Manipal Main Campus,Rajpur Sonarpur,Manager,49975.68,2,43,18,75690.62
VIT Vellore,Kozhikode,Executive,51642.58,4,73,44,76002.9
SVNIT Surat,Rourkela,Executive,71393.54,2,67,56,70924.23
VIT Vellore,Mumbai,Executive,47912.38,4,51,45,77839.31
IIT Bombay,Ajmer,Executive,67609.11,3,41,57,110862.8
NIT Bhopal,Ajmer,Executive,50684.21,4,44,27,86266.39
SVNIT Surat,Kolkata,Executive,64070.15,2,55,42,73598.54
TIET/Thapar University,Ajmer,Manager,47916.81,3,62,27,71587.2
IIT Kharagpur,Rourkela,Executive,41043.13,2,66,42,74953.0
IIT Bombay,Chennai,Executive,49575.93,3,84,20,71545.18
IIT Bombay,Durgapur,Executive,42361.5,3,70,19,71893.1
VIT Vellore,Dehradun,Executive,54680.74,4,71,41,63858.02
"Ramaiah Institute of Technology, Bengaluru",Durgapur,Executive,58497.34,2,60,22,65753.38
IIT Kanpur,Delhi,Executive,44448.79,3,77,53,86081.98
SVNIT Surat,Delhi,Executive,47759.91,4,76,39,66686.85
Manipal Main Campus,Chennai,Executive,44688.25,2,77,28,108385.95
SRM Main Campus,Rourkela,Executive,69454.55,2,74,46,67669.99
IGDTUW,Dehradun,Manager,47033.17,2,70,31,56920.5
NIT Bhopal,Kolkata,Executive,60875.86,1,53,44,99035.73
"IEM, Kolkata",Kolkata,Executive,61990.92,2,58,43,70815.21
SRM Main Campus,Durgapur,Executive,42316.63,1,61,40,87884.59
"Ramaiah Institute of Technology, Bengaluru",Rajpur Sonarpur,Executive,73633.86,4,35,41,75407.48
Manipal Main Campus,Bangalore,Executive,57581.52,2,61,60,55597.08
DTU,Asansol,Executive,43697.67,1,76,27,64395.38
IIT Kharagpur,Hyderabad,Executive,55841.59,4,82,54,98938.52
IIIT Delhi,Hyderabad,Executive,62730.06,3,79,26,57701.56
IIT Kharagpur,Mumbai,Executive,58017.77,3,71,35,103364.99
"Ramaiah Institute of Technology, Bengaluru",Ajmer,Executive,53754.69,2,35,31,75280.56
"KIIT, Bhubaneswar",Dehradun,Executive,64080.77,1,84,26,109071.87
IIT Madras,Bangalore,Executive,60191.02,4,68,56,79138.67
IIITM Gwalior,Asansol,Executive,66310.99,4,40,28,72415.09
DTU,Durgapur,Executive,41211.52,3,36,25,113933.42
Manipal Main Campus,Asansol,Executive,48396.88,2,39,44,61173.2
NIT Calicut,Ajmer,Executive,45539.64,1,79,46,83168.25
TIET/Thapar University,Rajpur Sonarpur,Manager,67703.77,1,83,19,91368.11
IIT Madras,Bangalore,Executive,69149.89,2,48,54,106568.05
IIT Kharagpur,Ajmer,Executive,42709.68,1,35,36,77754.0
"Ramaiah Institute of Technology, Bengaluru",Rajpur Sonarpur,Executive,41991.59,4,78,20,82525.21
NIT Bhopal,Ajmer,Executive,70577.17,4,65,39,83349.03
IIT Madras,Kolkata,Executive,42535.81,1,41,18,96248.37
IIT Delhi,Chennai,Executive,42660.44,2,49,25,63844.16
IIT Kanpur,Ajmer,Executive,74916.87,3,69,45,109227.31
IIIT Delhi,Mumbai,Executive,54877.8,2,39,53,77552.03
IIT Kanpur,Kozhikode,Executive,47322.79,2,67,36,70441.94
"IEM, Kolkata",Dehradun,Manager,70736.31,3,60,52,98222.01
NIT Calicut,Asansol,Executive,48546.93,4,67,21,60489.83
NIT Bhopal,Rourkela,Executive,64759.95,4,35,40,78558.33
IIITM Gwalior,Chennai,Manager,63003.82,1,43,18,100628.66
"IEM, Kolkata",Dehradun,Manager,70484.95,3,64,18,109526.8
IIT Kanpur,Hyderabad,Executive,68297.28,2,73,47,110778.17
VIT Vellore,Bangalore,Executive,67003.21,2,85,23,95558.91
IIT Delhi,Chennai,Executive,67876.23,1,59,25,116621.86
IIT Madras,Mumbai,Executive,69807.02,3,66,30,59099.24
IGDTUW,Kolkata,Manager,74614.05,4,73,50,70133.33
IIT Kanpur,Mumbai,Executive,62766.26,1,40,43,105495.99
IIIT Bangalore,Mumbai,Executive,42171.38,3,44,47,100478.18
IIITM Gwalior,Kozhikode,Executive,52109.1,3,49,59,59713.88
Manipal Main Campus,Asansol,Manager,44236.26,2,50,38,80993.76
Manipal Main Campus,Rajpur Sonarpur,Executive,71286.34,1,64,57,117723.09
IIIT Bangalore,Bangalore,Executive,41008.56,4,78,55,98273.66
IIIT Delhi,Mumbai,Executive,41329.29,1,64,24,115397.18
Manipal Main Campus,Bangalore,Executive,66874.97,2,43,59,83836.62
Manipal Main Campus,Durgapur,Executive,55927.85,1,38,43,71936.79
SVNIT Surat,Asansol,Executive,59096.75,4,57,56,59035.69
NIT Bhopal,Bangalore,Executive,73860.89,4,51,59,68985.36
IIT Kharagpur,Delhi,Executive,74450.2,4,70,48,111676.53
IGDTUW,Rajpur Sonarpur,Executive,64832.42,3,36,29,86786.31
IIITM Gwalior,Bangalore,Executive,72063.39,2,56,27,87618.67
SRM Main Campus,Durgapur,Executive,66189.93,2,56,50,56647.61
NIT Bhopal,Mumbai,Executive,57283.98,2,49,44,99581.77
IIT Kharagpur,Chennai,Executive,53742.36,4,85,49,82198.23
NIT Calicut,Mumbai,Executive,54692.74,2,74,18,97754.53
IIITM Gwalior,Rajpur Sonarpur,Executive,70202.63,1,52,24,84925.44
IIT Delhi,Rajpur Sonarpur,Executive,42695.0,1,38,43,71263.25
IIITM Gwalior,Asansol,Executive,67641.42,3,69,57,67133.9
"KIIT, Bhubaneswar",Dehradun,Manager,66320.52,1,51,33,116817.57
IIIT Bangalore,Rourkela,Manager,41549.09,3,52,25,55951.3
TIET/Thapar University,Ajmer,Executive,41436.14,3,41,42,61747.12
NIT Bhopal,Mumbai,Executive,70463.84,4,69,29,94879.25
TIET/Thapar University,Dehradun,Executive,44284.55,3,73,35,76470.71
"KIIT, Bhubaneswar",Mumbai,Manager,64705.39,2,62,20,82941.05
"KIIT, Bhubaneswar",Rajpur Sonarpur,Executive,65756.02,4,71,57,57151.58
IIIT Delhi,Bangalore,Executive,56626.75,1,65,46,97287.84
IGDTUW,Bangalore,Executive,56860.47,4,47,58,59410.05
IIT Kharagpur,Kozhikode,Executive,52005.37,3,50,60,76739.7
NIT Calicut,Dehradun,Executive,58419.15,3,65,22,114164.76
IIITM Gwalior,Kolkata,Executive,47755.42,1,37,40,71905.97
IIT Bombay,Mumbai,Manager,41420.11,1,56,24,96265.98
NIT Calicut,Dehradun,Manager,58592.25,4,62,29,110095.72
IIT Delhi,Delhi,Executive,62230.57,1,81,57,85093.24
IIT Delhi,Kolkata,Executive,58199.7,3,51,55,91019.37
DTU,Rourkela,Executive,58073.58,2,46,23,107736.62
IIT Madras,Asansol,Executive,47028.18,4,78,29,99537.12
SVNIT Surat,Hyderabad,Executive,60000.75,2,70,37,75622.18
SRM Main Campus,Rajpur Sonarpur,Executive,57320.11,1,48,21,83195.45
IIIT Bangalore,Ajmer,Executive,62329.89,3,62,46,57583.0
DTU,Dehradun,Executive,69953.96,4,51,40,107462.79
NIT Bhopal,Asansol,Manager,72032.57,3,57,45,104166.39
IIT Kharagpur,Hyderabad,Executive,58992.68,3,66,52,61659.46
NIT Calicut,Rajpur Sonarpur,Executive,49269.45,3,74,50,92069.89
IIT Bombay,Ajmer,Executive,58575.92,4,85,47,56535.17
"IEM, Kolkata",Rourkela,Executive,71430.9,3,45,18,92272.08
TIET/Thapar University,Kozhikode,Manager,66117.21,1,38,47,115531.46
IIT Madras,Dehradun,Manager,43643.87,4,69,40,106733.73
DTU,Delhi,Executive,50135.39,3,66,35,115602.23
IIT Bombay,Rourkela,Executive,46168.53,1,39,61,81565.01
SRM Main Campus,Kolkata,Executive,63250.48,3,79,59,108759.03
IIIT Bangalore,Rajpur Sonarpur,Executive,41732.08,3,53,64,89518.26
IIITM Gwalior,Rourkela,Executive,56243.52,1,40,51,67811.12
IIIT Bangalore,Delhi,Executive,72398.28,1,39,51,80163.52
IIT Delhi,Kozhikode,Executive,70940.25,4,74,47,82898.53
IIT Madras,Chennai,Executive,58785.85,1,76,34,86838.58
IIITM Gwalior,Rourkela,Executive,52742.14,1,55,32,98820.47
"KIIT, Bhubaneswar",Asansol,Executive,70120.53,1,48,23,66341.03
"KIIT, Bhubaneswar",Rajpur Sonarpur,Executive,47717.56,4,60,28,112668.37
IIT Kharagpur,Rourkela,Executive,67269.53,3,58,44,94773.95
DTU,Delhi,Executive,48076.7,2,54,28,64181.11
IIIT Delhi,Mumbai,Executive,49382.91,1,71,42,77413.08
DTU,Rajpur Sonarpur,Executive,61408.91,2,70,36,86929.9
IIT Delhi,Ajmer,Executive,62267.71,4,75,47,117714.46
IIT Kharagpur,Rourkela,Executive,68506.35,2,65,56,82264.52
VIT Vellore,Rourkela,Executive,55958.89,3,36,20,115110.86
IIT Bombay,Bangalore,Executive,46181.11,3,36,37,77518.93
IIIT Bangalore,Asansol,Executive,48547.55,3,83,54,96502.25
TIET/Thapar University,Kozhikode,Executive,50853.56,2,74,24,55389.8
IIT Madras,Durgapur,Executive,46295.21,1,77,35,108170.1
IIIT Delhi,Durgapur,Executive,55158.42,3,69,45,91259.66
IIT Bombay,Asansol,Executive,63711.41,3,43,58,108084.25
IIIT Delhi,Delhi,Executive,66131.15,2,45,35,89387.52
IIIT Delhi,Kolkata,Executive,55058.51,1,48,56,68079.62
"KIIT, Bhubaneswar",Kolkata,Manager,65337.68,4,68,38,99939.04
NIT Bhopal,Kolkata,Manager,71971.33,3,70,38,104806.66
IIT Bombay,Mumbai,Executive,67838.42,2,38,40,113970.9
SRM Main Campus,Bangalore,Executive,64904.62,2,76,58,115407.3
NIT Calicut,Ajmer,Executive,49287.64,2,83,37,75813.27
IIITM Gwalior,Rourkela,Manager,47094.39,2,49,19,92826.7
IIT Kharagpur,Rourkela,Executive,42453.52,3,82,46,83900.57
IIT Kanpur,Ajmer,Executive,72869.19,1,64,55,67166.7
"KIIT, Bhubaneswar",Delhi,Manager,61311.37,4,58,22,93396.62
"IEM, Kolkata",Durgapur,Executive,66377.21,1,78,62,60088.22
DTU,Mumbai,Executive,59394.69,1,54,34,119539.17
IIITM Gwalior,Hyderabad,Executive,41101.46,1,42,57,62978.4
"KIIT, Bhubaneswar",Hyderabad,Executive,51986.27,4,79,60,100394.19
Manipal Main Campus,Mumbai,Manager,54752.7,3,44,60,110706.78
IIT Madras,Mumbai,Manager,58325.97,1,58,44,79078.28
TIET/Thapar University,Bangalore,Executive,51048.65,2,76,64,97508.3
IIT Bombay,Chennai,Executive,49915.73,2,35,28,71429.9
"KIIT, Bhubaneswar",Kozhikode,Executive,50906.06,1,72,51,110656.63
IIIT Delhi,Mumbai,Manager,74047.64,2,49,23,83563.94
"IEM, Kolkata",Bangalore,Executive,51838.47,1,41,24,109853.71
IIITM Gwalior,Dehradun,Executive,71011.78,3,59,42,109354.98
IIT Kanpur,Mumbai,Manager,62349.71,4,46,39,109214.41
TIET/Thapar University,Delhi,Executive,43218.88,3,38,25,98532.97
IIIT Delhi,Dehradun,Executive,44544.89,3,82,42,93777.54
IIT Kharagpur,Asansol,Manager,65065.87,4,85,27,63661.54
IIIT Bangalore,Kozhikode,Executive,47315.53,1,35,42,114700.25
NIT Bhopal,Durgapur,Executive,65307.91,3,66,55,88674.47
NIT Bhopal,Kolkata,Executive,71190.0,1,44,45,88109.34
"IEM, Kolkata",Ajmer,Executive,60895.65,1,48,52,92490.34
SVNIT Surat,Dehradun,Manager,61029.17,1,80,55,63544.01
IIT Madras,Rourkela,Executive,52983.57,2,35,39,75180.73
TIET/Thapar University,Bangalore,Executive,57193.34,2,71,44,77918.05
NIT Bhopal,Rourkela,Executive,63941.04,4,67,53,76466.62
TIET/Thapar University,Kozhikode,Executive,50321.07,4,63,28,108872.23
VIT Vellore,Rajpur Sonarpur,Executive,43711.81,2,65,61,56022.97
TIET/Thapar University,Rajpur Sonarpur,Executive,74582.4,4,51,54,95975.63
NIT Calicut,Asansol,Executive,44144.8,2,82,57,58090.83
Manipal Main Campus,Rourkela,Manager,46605.77,2,42,34,117847.79
NIT Calicut,Asansol,Manager,67349.42,1,69,39,108902.01
"IEM, Kolkata",Mumbai,Executive,57119.62,2,79,39,103642.06
IGDTUW,Delhi,Manager,59425.77,4,61,49,56151.36
IIIT Delhi,Ajmer,Manager,41084.01,4,43,42,109082.64
DTU,Delhi,Executive,55580.09,4,67,49,85546.34
IGDTUW,Asansol,Executive,56148.74,1,43,40,92904.54
NIT Bhopal,Hyderabad,Executive,68935.57,4,38,39,72715.83
IIT Kanpur,Kozhikode,Executive,47598.69,1,84,43,72632.5
IIT Madras,Rourkela,Manager,63035.31,3,70,18,73283.08
IIIT Bangalore,Rajpur Sonarpur,Executive,73782.7,2,85,26,94661.69
"KIIT, Bhubaneswar",Bangalore,Executive,58113.97,4,66,62,93619.51
IIIT Delhi,Dehradun,Manager,41775.04,3,56,45,113499.7
"Ramaiah Institute of Technology, Bengaluru",Kozhikode,Executive,45954.77,4,59,62,81607.72
IIIT Delhi,Kolkata,Executive,66154.53,1,44,32,97040.09
IIT Kanpur,Chennai,Executive,59877.81,3,79,61,117555.9
DTU,Rourkela,Executive,66149.12,1,77,52,58669.52
IIT Kanpur,Chennai,Executive,57210.47,1,50,32,106270.64
DTU,Hyderabad,Executive,73125.23,2,43,40,72624.77
SRM Main Campus,Mumbai,Manager,42740.25,4,58,57,101379.7
TIET/Thapar University,Kolkata,Executive,41388.04,2,64,57,96318.37
TIET/Thapar University,Durgapur,Executive,50264.02,2,68,48,65024.77
DTU,Ajmer,Executive,59110.52,3,48,28,75654.8
SRM Main Campus,Chennai,Manager,67764.99,3,54,53,55456.58
IIIT Bangalore,Durgapur,Executive,74120.25,3,68,35,91252.36
Manipal Main Campus,Kozhikode,Executive,69681.7,4,85,54,101622.71
IIT Bombay,Kolkata,Executive,55384.07,1,48,57,59006.52
"Ramaiah Institute of Technology, Bengaluru",Ajmer,Executive,53993.58,4,49,47,67361.4
IIITM Gwalior,Durgapur,Executive,51289.85,2,47,29,71266.91
IIIT Delhi,Dehradun,Executive,53510.03,4,83,44,71990.36
IIT Madras,Bangalore,Executive,61096.83,1,51,55,113365.89
IIT Delhi,Mumbai,Executive,73227.84,4,84,41,75005.9
"Ramaiah Institute of Technology, Bengaluru",Hyderabad,Executive,46570.75,1,76,18,75466.79
SRM Main Campus,Rajpur Sonarpur,Executive,44511.99,3,64,50,119080.24
IIT Delhi,Hyderabad,Manager,74624.99,2,82,64,101635.77
NIT Calicut,Mumbai,Executive,69041.84,4,58,28,75583.64
"KIIT, Bhubaneswar",Durgapur,Manager,67535.36,1,77,40,59762.71
IIIT Delhi,Asansol,Executive,45415.98,4,71,29,81177.38
DTU,Hyderabad,Executive,62773.27,4,67,57,102928.08
Manipal Main Campus,Chennai,Executive,63411.42,2,44,32,86099.64
TIET/Thapar University,Hyderabad,Executive,52281.74,1,70,53,97243.28
IGDTUW,Rajpur Sonarpur,Executive,47861.68,3,62,49,97713.13
IIT Delhi,Asansol,Executive,63697.53,3,42,60,116328.39
"IEM, Kolkata",Rourkela,Executive,59385.2,3,49,20,82517.22
TIET/Thapar University,Mumbai,Executive,58708.97,1,72,21,94473.85
"IEM, Kolkata",Delhi,Executive,63931.83,3,46,20,98128.9
"KIIT, Bhubaneswar",Delhi,Manager,56035.71,3,42,53,90573.77
IIT Delhi,Kozhikode,Manager,46338.74,1,43,48,77475.03
SRM Main Campus,Kolkata,Executive,54244.82,3,83,21,71102.42
VIT Vellore,Hyderabad,Executive,43092.12,3,53,25,75540.08
SVNIT Surat,Rourkela,Executive,70488.2,2,42,41,91215.53
DTU,Mumbai,Executive,45832.0,1,46,54,86202.47
IIITM Gwalior,Dehradun,Executive,72871.36,4,71,55,87314.97
IIITM Gwalior,Hyderabad,Executive,43879.44,1,65,32,62958.34
VIT Vellore,Chennai,Executive,54163.92,2,59,57,65338.63
Manipal Main Campus,Dehradun,Executive,40430.74,2,50,49,102254.71
DTU,Bangalore,Executive,42624.99,4,74,21,106788.53
IIITM Gwalior,Kozhikode,Executive,67428.48,1,59,24,81572.22
SRM Main Campus,Bangalore,Executive,52582.39,1,54,32,93324.08
TIET/Thapar University,Bangalore,Executive,67575.25,1,56,50,101152.25
SVNIT Surat,Kozhikode,Executive,53832.85,1,47,59,74952.36
IIIT Delhi,Mumbai,Manager,54066.19,4,60,41,96929.74
"Ramaiah Institute of Technology, Bengaluru",Rajpur Sonarpur,Executive,66834.98,1,85,60,75286.15
IIT Bombay,Dehradun,Executive,52933.85,4,65,49,67793.9
IIITM Gwalior,Bangalore,Executive,52341.06,4,60,62,114280.69
SRM Main Campus,Rajpur Sonarpur,Executive,45800.29,1,53,34,88092.93
IIT Kharagpur,Delhi,Executive,46948.68,4,72,38,100920.88
IIITM Gwalior,Hyderabad,Manager,57778.14,3,71,42,62433.53
TIET/Thapar University,Ajmer,Manager,73572.02,3,75,55,82667.27
IIT Bombay,Chennai,Manager,68314.26,3,82,39,55452.07
VIT Vellore,Durgapur,Executive,68148.63,3,70,55,108851.51
"IEM, Kolkata",Hyderabad,Executive,71481.8,2,69,24,72775.72
Manipal Main Campus,Asansol,Executive,40224.64,3,85,25,111660.69
IIT Delhi,Rourkela,Manager,47926.14,3,65,49,108402.36
TIET/Thapar University,Delhi,Executive,60674.34,3,39,26,105391.6
IIT Bombay,Chennai,Executive,72053.25,4,40,23,62828.0
IIITM Gwalior,Kozhikode,Executive,50903.03,3,36,32,71098.08
"KIIT, Bhubaneswar",Ajmer,Executive,70452.63,2,68,30,70179.08
TIET/Thapar University,Rajpur Sonarpur,Executive,56813.69,4,42,42,63100.79
IIITM Gwalior,Ajmer,Executive,72525.33,4,50,59,100144.27
IIT Kharagpur,Delhi,Executive,40487.97,2,61,41,117734.07
IIT Madras,Hyderabad,Executive,66506.03,3,55,22,72238.34
SVNIT Surat,Kolkata,Manager,69820.01,4,40,20,97884.16
IIITM Gwalior,Rourkela,Executive,71738.97,2,46,57,104988.27
IIT Bombay,Asansol,Executive,43486.29,4,77,28,91043.08
VIT Vellore,Delhi,Manager,72753.73,1,47,22,55072.22
TIET/Thapar University,Durgapur,Manager,45954.24,2,82,34,105237.58
IIT Kanpur,Durgapur,Manager,73720.94,4,36,54,110352.39
"Ramaiah Institute of Technology, Bengaluru",Ajmer,Manager,56770.58,2,79,33,80731.95
IIT Madras,Hyderabad,Executive,67949.61,3,39,39,77847.63
DTU,Delhi,Executive,68120.68,4,36,24,105669.15
"Ramaiah Institute of Technology, Bengaluru",Delhi,Executive,44334.59,2,69,51,103056.29
IIIT Bangalore,Rajpur Sonarpur,Manager,56102.32,1,49,59,115540.76
SVNIT Surat,Dehradun,Executive,59764.22,3,45,28,68991.4
"Ramaiah Institute of Technology, Bengaluru",Kolkata,Executive,46828.88,3,41,28,60975.58
NIT Bhopal,Rajpur Sonarpur,Executive,65296.1,1,69,30,63528.68
IIITM Gwalior,Durgapur,Executive,51875.86,2,44,39,58812.33
"Ramaiah Institute of Technology, Bengaluru",Bangalore,Executive,70940.71,4,84,47,119534.12
IGDTUW,Chennai,Executive,51494.18,1,51,26,107963.49
NIT Calicut,Dehradun,Executive,72480.01,1,54,55,95520.26
IIIT Bangalore,Chennai,Executive,62200.22,3,54,19,90920.15
IIIT Delhi,Rourkela,Executive,45136.55,1,74,61,95635.27
"IEM, Kolkata",Bangalore,Executive,58465.88,3,79,26,99793.6
Manipal Main Campus,Durgapur,Executive,43106.71,1,46,53,68979.04
IIIT Delhi,Chennai,Executive,63750.66,4,50,52,112329.03
SVNIT Surat,Delhi,Executive,52528.74,1,80,57,107252.98
IIT Kanpur,Rajpur Sonarpur,Executive,53537.63,2,60,19,93323.82
IIT Bombay,Kolkata,Executive,47927.7,1,82,32,118188.15
IIIT Bangalore,Rourkela,Manager,65410.07,3,60,24,75004.17
DTU,Bangalore,Manager,62196.32,4,57,41,76908.28
DTU,Hyderabad,Executive,72818.73,4,46,26,110161.0
IIT Bombay,Kolkata,Executive,72626.2,4,82,27,57010.01
IIT Kanpur,Ajmer,Executive,57113.6,4,61,23,94943.41
IGDTUW,Kolkata,Executive,55868.8,2,46,21,74259.31
SVNIT Surat,Rajpur Sonarpur,Executive,57416.75,2,68,25,106067.78
Manipal Main Campus,Mumbai,Executive,61304.93,4,79,34,55700.21
IIT Kanpur,Delhi,Executive,72042.92,3,63,40,89046.91
IIT Delhi,Mumbai,Executive,51600.08,3,57,40,66818.9
IIT Madras,Rourkela,Executive,45376.58,3,63,64,73445.23
TIET/Thapar University,Bangalore,Manager,63161.65,2,44,28,110584.17
IIIT Delhi,Asansol,Executive,51854.51,3,75,34,90772.68
"KIIT, Bhubaneswar",Ajmer,Executive,59822.08,1,84,18,55019.95
IIITM Gwalior,Mumbai,Executive,62909.61,3,45,22,118703.11
SVNIT Surat,Rourkela,Executive,64776.82,3,77,53,79355.66
"Ramaiah Institute of Technology, Bengaluru",Bangalore,Executive,68764.56,1,51,23,56005.26
IIT Bombay,Delhi,Executive,64835.84,1,58,55,113343.35
Manipal Main Campus,Asansol,Executive,44951.67,1,38,25,59455.43
IIIT Delhi,Bangalore,Executive,60314.21,1,74,21,79645.24
IIT Kanpur,Kozhikode,Executive,68568.29,4,37,34,103409.94
"Ramaiah Institute of Technology, Bengaluru",Rajpur Sonarpur,Executive,60006.45,4,82,36,57349.42
"IEM, Kolkata",Dehradun,Executive,60002.11,4,44,48,77818.52
IIT Delhi,Delhi,Executive,60282.78,2,52,42,108054.02
VIT Vellore,Rajpur Sonarpur,Executive,57845.3,3,38,25,86823.64
TIET/Thapar University,Rajpur Sonarpur,Executive,68373.14,2,64,25,65234.91
IIIT Delhi,Rajpur Sonarpur,Executive,56190.88,4,79,49,90109.39
"KIIT, Bhubaneswar",Rourkela,Manager,71413.12,3,77,57,82636.05
IIT Kharagpur,Kolkata,Executive,50787.48,4,40,20,100550.56
NIT Bhopal,Durgapur,Executive,52591.6,3,74,36,76754.0
IIT Kanpur,Rajpur Sonarpur,Manager,62732.8,4,74,50,65662.43
NIT Calicut,Hyderabad,Executive,62266.67,2,77,49,106918.47
IIIT Delhi,Dehradun,Executive,71062.04,2,76,54,79422.52
DTU,Ajmer,Executive,53476.29,1,37,36,67495.26
"IEM, Kolkata",Rajpur Sonarpur,Executive,58595.92,4,58,62,117702.96
TIET/Thapar University,Kozhikode,Executive,43778.28,2,84,30,113933.2
"Ramaiah Institute of Technology, Bengaluru",Hyderabad,Manager,43624.18,3,61,36,60777.44
NIT Calicut,Ajmer,Executive,61959.57,2,82,44,76645.98
NIT Bhopal,Kozhikode,Executive,66352.49,3,50,53,119661.6
TIET/Thapar University,Ajmer,Executive,72451.03,2,69,31,89480.74
IIT Bombay,Delhi,Executive,68602.83,1,49,37,74477.37
IIT Delhi,Ajmer,Executive,66186.79,3,69,30,55673.39
Manipal Main Campus,Delhi,Executive,53665.82,1,60,39,69697.92
DTU,Kozhikode,Executive,72370.5,2,42,52,102290.72
DTU,Chennai,Executive,66406.71,1,39,54,80121.03
IIIT Delhi,Kozhikode,Executive,58879.5,2,82,57,66642.6
Manipal Main Campus,Ajmer,Executive,40907.03,4,47,34,58945.3
"KIIT, Bhubaneswar",Mumbai,Executive,61760.89,3,58,24,115917.28
"KIIT, Bhubaneswar",Mumbai,Executive,65332.42,2,36,58,66808.49
DTU,Dehradun,Executive,67793.58,2,53,21,97972.78
Manipal Main Campus,Kolkata,Executive,56339.15,2,53,31,108569.29
DTU,Kozhikode,Executive,71739.78,3,75,52,91051.62
VIT Vellore,Dehradun,Executive,44965.67,2,45,60,92722.75
IIT Madras,Rourkela,Executive,64395.15,1,77,19,56057.12
IGDTUW,Durgapur,Executive,73785.89,3,64,27,72291.61
NIT Bhopal,Kolkata,Manager,42374.32,1,72,60,89305.24
IIIT Bangalore,Chennai,Executive,57443.54,3,73,43,97102.94
Manipal Main Campus,Chennai,Executive,51293.55,3,43,57,65437.77
Manipal Main Campus,Mumbai,Executive,64082.18,3,80,55,112327.72
IIIT Delhi,Hyderabad,Executive,73651.88,2,73,57,60834.86
NIT Calicut,Kozhikode,Executive,67109.08,3,39,58,88378.47
"IEM, Kolkata",Rourkela,Executive,41141.54,3,82,62,100591.33
"IEM, Kolkata",Kolkata,Executive,64330.4,3,81,45,99674.5
Manipal Main Campus,Chennai,Executive,64916.77,1,83,59,69199.52
IGDTUW,Durgapur,Manager,55990.02,2,63,19,87322.52
IGDTUW,Rajpur Sonarpur,Executive,47977.38,2,50,60,113398.83
"Ramaiah Institute of Technology, Bengaluru",Kozhikode,Manager,72820.9,2,58,48,87900.24
IIT Bombay,Dehradun,Manager,67126.86,2,41,59,78109.36
NIT Calicut,Rajpur Sonarpur,Executive,44404.44,1,44,53,96519.89
SRM Main Campus,Mumbai,Executive,64943.23,3,57,54,73639.43
IIIT Bangalore,Rourkela,Manager,64992.13,2,47,47,71118.84
SRM Main Campus,Dehradun,Executive,74912.03,1,50,27,93528.45
IGDTUW,Durgapur,Executive,57343.54,4,62,62,93687.14
IIIT Bangalore,Kozhikode,Executive,47353.69,4,58,19,59390.35
IIIT Bangalore,Kozhikode,Executive,47760.86,3,44,51,59062.88
SVNIT Surat,Kozhikode,Executive,61918.57,1,46,37,110912.71
IIIT Bangalore,Hyderabad,Executive,68630.57,2,36,48,118061.75
VIT Vellore,Rajpur Sonarpur,Executive,59075.58,4,73,44,95711.43
IIT Bombay,Kolkata,Executive,54064.73,1,52,18,67779.0
IIIT Delhi,Bangalore,Executive,60004.83,4,63,61,102580.26
NIT Calicut,Ajmer,Executive,45730.39,2,52,55,111477.03
IIT Madras,Durgapur,Executive,58768.46,2,65,47,81200.92
Manipal Main Campus,Delhi,Executive,61568.5,2,44,58,102638.84
IIT Madras,Delhi,Executive,55765.38,2,84,48,88524.71
"IEM, Kolkata",Rajpur Sonarpur,Manager,47023.19,4,38,48,103454.69
IIT Bombay,Mumbai,Executive,50853.92,2,83,29,76064.07
IIT Madras,Durgapur,Executive,74755.74,2,85,45,87252.26
IGDTUW,Hyderabad,Manager,64139.32,3,55,49,75026.51
Manipal Main Campus,Kozhikode,Executive,72111.64,1,68,30,73432.67
"Ramaiah Institute of Technology, Bengaluru",Kolkata,Executive,46980.71,1,50,49,62913.92
NIT Bhopal,Bangalore,Executive,65734.19,1,85,37,57772.58
IIIT Delhi,Delhi,Executive,61740.11,4,59,31,68907.81
IIT Kanpur,Dehradun,Executive,71391.18,1,63,50,80282.82
IIITM Gwalior,Rajpur Sonarpur,Executive,45764.88,1,83,32,78021.66
IIT Delhi,Ajmer,Manager,45565.3,2,55,51,104607.86
Manipal Main Campus,Rajpur Sonarpur,Executive,45243.81,2,77,45,84026.03
DTU,Dehradun,Manager,57140.36,3,79,61,55706.13
IIT Kharagpur,Kozhikode,Executive,52095.56,2,50,45,89280.67
Manipal Main Campus,Asansol,Executive,70777.64,3,56,39,64194.45
NIT Calicut,Delhi,Executive,40403.05,2,40,23,72986.27
IIIT Delhi,Asansol,Executive,69536.46,4,61,50,96964.34
"IEM, Kolkata",Durgapur,Manager,64722.17,1,70,64,67820.99
NIT Bhopal,Bangalore,Manager,61417.85,4,83,54,104191.36
Manipal Main Campus,Hyderabad,Executive,53423.79,1,64,58,90912.41
IIT Bombay,Asansol,Executive,68662.59,1,79,23,96702.97
DTU,Rajpur Sonarpur,Executive,58955.48,3,77,40,60293.04
SRM Main Campus,Kozhikode,Executive,69542.35,3,55,28,107121.45
SRM Main Campus,Ajmer,Executive,69343.01,4,60,30,88087.47
NIT Calicut,Rourkela,Executive,63751.44,3,55,42,74465.09
IIIT Delhi,Mumbai,Manager,43673.25,2,57,45,86915.22
IIT Delhi,Durgapur,Executive,67513.36,3,63,61,76158.24
IIT Delhi,Kozhikode,Executive,55494.54,4,56,32,66974.04
IIT Kanpur,Mumbai,Executive,50448.36,3,58,27,100836.65
IIITM Gwalior,Hyderabad,Executive,63355.56,2,52,63,90283.96
IIT Kharagpur,Hyderabad,Executive,60413.07,4,43,20,73795.0
IIT Kharagpur,Rourkela,Executive,43182.55,4,84,37,80987.7
"Ramaiah Institute of Technology, Bengaluru",Kolkata,Executive,41797.23,2,51,48,92085.05
TIET/Thapar University,Asansol,Executive,43496.33,2,62,50,55575.57
IGDTUW,Bangalore,Manager,68537.44,4,35,49,111905.13
IGDTUW,Dehradun,Executive,48415.22,3,37,28,92765.24
IIT Bombay,Asansol,Manager,64857.47,3,82,34,110632.66
NIT Calicut,Mumbai,Manager,72601.19,1,66,30,97401.1
IIT Madras,Kolkata,Executive,48808.41,1,39,43,81624.81
IIIT Delhi,Kolkata,Executive,66778.49,1,47,60,60313.08
"IEM, Kolkata",Kolkata,Executive,66651.02,1,84,36,81703.53
"KIIT, Bhubaneswar",Rajpur Sonarpur,Executive,41377.03,3,56,38,55388.54
NIT Calicut,Delhi,Executive,55662.14,2,83,61,68289.81
SVNIT Surat,Delhi,Executive,56568.99,1,64,48,57931.94
IIITM Gwalior,Kozhikode,Executive,52018.66,1,42,38,99626.33
IIIT Bangalore,Rajpur Sonarpur,Manager,72771.78,1,55,18,65927.86
IIT Kanpur,Rajpur Sonarpur,Executive,53359.46,4,40,19,114942.45
IIT Kharagpur,Delhi,Executive,44733.44,1,42,52,60016.41
TIET/Thapar University,Bangalore,Manager,49750.41,4,68,59,57891.75
IIT Delhi,Rajpur Sonarpur,Executive,50574.38,3,50,37,63856.35
"IEM, Kolkata",Chennai,Manager,67753.67,1,82,40,71707.36
IIT Delhi,Dehradun,Manager,70577.74,1,84,44,59113.0
IIT Delhi,Rajpur Sonarpur,Executive,71001.53,1,81,43,74255.16
IIT Kanpur,Hyderabad,Executive,42997.6,4,48,55,85407.18
NIT Bhopal,Kozhikode,Executive,42314.19,4,78,46,72961.14
IIT Kanpur,Chennai,Executive,70777.52,4,79,64,107154.02
SVNIT Surat,Asansol,Executive,47049.12,3,41,22,94252.58
VIT Vellore,Kolkata,Manager,40977.78,4,59,46,106573.39
NIT Calicut,Delhi,Executive,45111.79,3,35,45,101954.92
DTU,Rajpur Sonarpur,Executive,55823.19,4,77,49,55232.57
IIIT Bangalore,Durgapur,Executive,60162.11,3,75,53,58299.07
IIIT Delhi,Asansol,Executive,41360.91,4,53,44,60180.46
IGDTUW,Bangalore,Executive,64665.99,1,69,35,88547.73
VIT Vellore,Hyderabad,Executive,40244.46,2,83,52,118936.15
IIT Bombay,Rourkela,Executive,46225.53,1,64,33,119187.57
SVNIT Surat,Kozhikode,Executive,44375.58,3,65,56,92232.43
IIT Delhi,Asansol,Executive,73264.25,4,50,29,56916.14
IIITM Gwalior,Durgapur,Executive,69653.64,3,84,32,74943.48
IIITM Gwalior,Durgapur,Executive,46836.95,1,80,35,107702.29
SRM Main Campus,Kozhikode,Executive,54153.87,3,49,21,59618.08
SVNIT Surat,Ajmer,Executive,74649.13,2,77,40,106610.12
IIIT Bangalore,Ajmer,Manager,54380.3,3,77,18,67553.36
SVNIT Surat,Rajpur Sonarpur,Executive,71639.54,4,45,41,88962.17
IIT Kharagpur,Bangalore,Executive,73010.96,2,44,53,76978.97
"KIIT, Bhubaneswar",Durgapur,Executive,73053.71,1,58,24,72198.1
Manipal Main Campus,Delhi,Executive,50422.59,1,85,21,99507.31
SVNIT Surat,Dehradun,Executive,44626.45,2,53,53,93115.02
SRM Main Campus,Durgapur,Manager,65001.29,2,41,63,76582.18
DTU,Ajmer,Executive,58166.11,1,42,18,70864.27
DTU,Chennai,Executive,55257.04,3,70,42,66105.85
IIT Bombay,Chennai,Executive,50774.08,2,54,35,61834.02
"Ramaiah Institute of Technology, Bengaluru",Bangalore,Executive,70458.52,3,49,19,111487.92
IIT Kanpur,Asansol,Executive,67416.5,2,56,45,97238.41
VIT Vellore,Kozhikode,Executive,48706.96,3,78,32,108619.75
NIT Bhopal,Hyderabad,Executive,74281.37,4,80,26,106689.68
SVNIT Surat,Rourkela,Manager,73602.34,2,48,61,97985.13
IIIT Bangalore,Kozhikode,Executive,65333.22,3,81,49,104871.95
NIT Bhopal,Mumbai,Executive,58591.05,2,36,54,113544.07
SVNIT Surat,Delhi,Executive,72628.39,4,38,56,116662.39
VIT Vellore,Bangalore,Executive,40555.03,2,49,59,91147.1
IIIT Bangalore,Rourkela,Executive,59530.91,3,81,30,93645.42
VIT Vellore,Hyderabad,Executive,54914.61,3,70,37,90198.84
IIT Kharagpur,Rajpur Sonarpur,Executive,53180.04,3,62,53,80794.23
"Ramaiah Institute of Technology, Bengaluru",Rourkela,Executive,61986.48,1,59,21,80576.78
VIT Vellore,Ajmer,Executive,67554.03,4,67,22,76124.98
IIT Kharagpur,Mumbai,Executive,42424.92,4,48,44,62459.43
Manipal Main Campus,Rajpur Sonarpur,Executive,66453.65,2,60,38,73745.72
IIT Kanpur,Asansol,Executive,72160.78,4,73,37,105875.0
IGDTUW,Kolkata,Executive,45424.58,1,38,18,93933.44
IIITM Gwalior,Ajmer,Manager,65512.17,1,37,30,82203.52
IIT Bombay,Bangalore,Executive,59208.66,2,38,58,106690.61
DTU,Durgapur,Executive,41525.11,2,57,27,70326.85
IIT Kanpur,Hyderabad,Executive,73912.58,4,70,64,97875.71
NIT Calicut,Durgapur,Executive,73769.53,1,55,54,110685.03
VIT Vellore,Chennai,Executive,49215.64,4,52,59,68510.53
NIT Calicut,Delhi,Executive,55761.61,1,62,30,104113.16
"KIIT, Bhubaneswar",Mumbai,Executive,55140.66,4,38,31,93654.5
SRM Main Campus,Asansol,Executive,59395.54,3,46,40,117957.16
IGDTUW,Durgapur,Executive,45218.81,4,73,25,61175.78
IIT Madras,Dehradun,Executive,58836.4,1,61,25,67821.46
"KIIT, Bhubaneswar",Asansol,Executive,40864.4,3,55,64,64012.64
IIT Bombay,Rajpur Sonarpur,Executive,61806.63,2,44,48,67806.13
IIT Bombay,Dehradun,Executive,55544.62,3,62,33,74887.74
SVNIT Surat,Kozhikode,Executive,44410.9,1,79,53,88772.85
Manipal Main Campus,Rourkela,Executive,46219.34,1,57,29,88351.29
IIT Bombay,Hyderabad,Manager,73649.19,2,44,47,84691.38
TIET/Thapar University,Durgapur,Executive,62495.42,1,63,19,70454.39
IIT Kanpur,Rajpur Sonarpur,Executive,45870.73,3,79,33,117681.76
IIITM Gwalior,Kozhikode,Executive,70038.93,3,35,39,118960.39
IGDTUW,Hyderabad,Manager,50246.43,1,46,18,81480.27
IIT Bombay,Chennai,Executive,67535.85,3,75,20,83975.97
"IEM, Kolkata",Durgapur,Manager,73723.9,1,39,28,119149.69
TIET/Thapar University,Rourkela,Executive,71548.8,2,74,41,113276.92
VIT Vellore,Ajmer,Executive,64846.43,1,81,43,114922.07
NIT Bhopal,Durgapur,Manager,56175.54,1,60,24,89437.09
IIIT Bangalore,Dehradun,Manager,70775.18,4,46,53,109791.32
"KIIT, Bhubaneswar",Rajpur Sonarpur,Executive,70702.69,3,45,45,110882.84
NIT Bhopal,Ajmer,Manager,44727.76,2,48,24,89890.47
Manipal Main Campus,Chennai,Manager,71911.01,3,84,31,61158.41
VIT Vellore,Chennai,Executive,40668.06,2,49,41,94700.93
Manipal Main Campus,Ajmer,Executive,40261.29,1,61,53,86747.17
TIET/Thapar University,Rourkela,Executive,52406.52,3,50,29,56051.09
NIT Bhopal,Durgapur,Executive,57959.65,4,41,26,81163.47
IIITM Gwalior,Mumbai,Manager,60750.51,1,74,36,99245.09
IIIT Bangalore,Dehradun,Executive,40200.82,1,74,51,62293.35
SRM Main Campus,Durgapur,Manager,62424.12,4,75,49,59940.08
"IEM, Kolkata",Durgapur,Executive,62271.67,1,79,47,58173.68
IIIT Delhi,Mumbai,Executive,60545.84,3,77,36,64913.4
IIT Delhi,Kozhikode,Executive,72217.02,1,61,28,61920.6
Manipal Main Campus,Ajmer,Executive,43336.28,3,47,35,108750.52
IIT Madras,Delhi,Manager,74471.47,3,36,47,62840.69
SRM Main Campus,Mumbai,Executive,52339.27,3,63,44,107647.73
IIT Bombay,Ajmer,Executive,60240.4,3,54,22,80712.54
SRM Main Campus,Chennai,Manager,74848.25,3,49,19,87428.58
NIT Bhopal,Chennai,Executive,66422.82,1,51,57,83690.63
IIIT Bangalore,Ajmer,Executive,49413.44,2,40,51,60344.42
IIT Bombay,Bangalore,Executive,67649.84,3,53,54,96761.07
NIT Bhopal,Rourkela,Executive,68621.01,1,45,42,96208.47
IIT Kanpur,Kozhikode,Manager,57679.42,2,82,30,83734.93
SVNIT Surat,Rourkela,Executive,61955.66,3,83,32,63827.29
IIT Delhi,Dehradun,Manager,42836.21,1,76,48,79734.13
IIT Delhi,Kolkata,Executive,67063.06,1,70,57,93721.45
"Ramaiah Institute of Technology, Bengaluru",Kozhikode,Manager,61274.03,4,53,52,79278.58
NIT Bhopal,Asansol,Manager,44452.11,4,79,25,72711.21
Manipal Main Campus,Delhi,Executive,54857.58,3,73,61,90417.55
IIITM Gwalior,Delhi,Executive,62106.27,4,81,25,64352.13
SVNIT Surat,Kolkata,Manager,60910.56,3,75,25,80231.44
NIT Calicut,Asansol,Executive,42289.75,3,39,37,116496.04
IIIT Bangalore,Rourkela,Manager,57476.07,3,58,32,64306.63
IIT Kanpur,Durgapur,Executive,44503.46,3,37,40,72058.65
IGDTUW,Asansol,Manager,47263.8,3,51,35,100249.81
"IEM, Kolkata",Kolkata,Executive,64297.55,4,39,56,110585.19
IIITM Gwalior,Asansol,Executive,62797.77,1,43,52,97779.61
IIITM Gwalior,Rourkela,Executive,73360.36,4,51,56,112149.56
"KIIT, Bhubaneswar",Hyderabad,Executive,57251.76,4,36,20,85053.67
NIT Bhopal,Dehradun,Executive,67844.96,1,72,61,108835.37
"IEM, Kolkata",Asansol,Executive,46952.29,3,79,22,111737.25
IIIT Bangalore,Durgapur,Executive,63685.13,1,85,24,102061.32
IGDTUW,Bangalore,Executive,48693.74,1,54,21,79881.71
"IEM, Kolkata",Rajpur Sonarpur,Executive,69098.03,2,47,64,69453.37
IIT Kharagpur,Chennai,Executive,66278.23,2,73,19,110867.22
IGDTUW,Hyderabad,Manager,69760.59,2,51,61,103077.33
"Ramaiah Institute of Technology, Bengaluru",Ajmer,Manager,63855.1,2,44,41,93671.18
NIT Calicut,Mumbai,Executive,40618.55,2,63,21,57526.35
"IEM, Kolkata",Hyderabad,Executive,47692.09,2,41,49,84377.83
IIIT Delhi,Durgapur,Executive,57982.55,3,45,36,71920.85
IIT Kharagpur,Hyderabad,Manager,58201.98,1,43,27,101699.92
IIT Delhi,Durgapur,Manager,56482.98,3,67,60,57022.12
IIT Kanpur,Asansol,Executive,51849.27,4,64,38,108923.04
NIT Calicut,Durgapur,Executive,69351.16,2,67,30,106464.73
IIT Delhi,Bangalore,Executive,62798.85,4,63,45,69638.64
IIT Bombay,Rajpur Sonarpur,Executive,45057.97,1,55,21,116551.82
"Ramaiah Institute of Technology, Bengaluru",Hyderabad,Executive,69341.98,3,46,31,70830.36
IIIT Bangalore,Durgapur,Executive,64299.49,2,77,36,64058.92
IIT Bombay,Asansol,Executive,42129.66,4,81,24,72254.96
IIT Kharagpur,Hyderabad,Executive,74500.82,4,52,35,112982.66
DTU,Durgapur,Manager,51978.86,4,53,31,69588.36
"KIIT, Bhubaneswar",Kolkata,Executive,57212.76,1,59,53,111451.05
SRM Main Campus,Ajmer,Executive,48519.64,4,75,53,77959.9
SVNIT Surat,Kozhikode,Manager,54011.29,4,49,47,55250.65
SRM Main Campus,Dehradun,Manager,60396.59,4,37,41,110568.32
"KIIT, Bhubaneswar",Kozhikode,Executive,56968.45,3,39,29,102530.99
IIT Madras,Hyderabad,Manager,69232.94,1,75,44,96049.87
SRM Main Campus,Durgapur,Executive,57722.82,4,85,62,102619.04
DTU,Mumbai,Manager,45813.81,2,66,36,76082.19
VIT Vellore,Kozhikode,Manager,69200.67,3,72,26,79171.84
SRM Main Campus,Kolkata,Executive,73845.48,4,55,33,107694.18
IIT Kharagpur,Mumbai,Executive,47569.96,2,75,45,78215.43
IIT Madras,Rajpur Sonarpur,Executive,68375.19,3,69,42,101722.54
SVNIT Surat,Rourkela,Executive,49764.25,2,62,40,110246.55
IIT Madras,Kozhikode,Executive,46470.17,4,84,61,79160.38
IIT Madras,Delhi,Manager,50290.14,3,62,28,55635.58
TIET/Thapar University,Kolkata,Executive,58449.75,2,81,31,92415.08
IIT Madras,Dehradun,Executive,65600.9,4,55,55,69069.86
IIT Kanpur,Chennai,Executive,55055.38,1,79,18,60267.95
NIT Bhopal,Chennai,Executive,73880.84,2,85,64,70210.19
TIET/Thapar University,Rajpur Sonarpur,Manager,59724.39,1,74,35,119946.09
"IEM, Kolkata",Delhi,Executive,61204.43,1,56,35,85658.5
IGDTUW,Asansol,Executive,49577.38,1,38,20,88077.73
IIIT Delhi,Ajmer,Executive,50477.26,2,70,22,71076.7
"IEM, Kolkata",Rajpur Sonarpur,Manager,53282.92,2,39,43,81423.09
IIITM Gwalior,Hyderabad,Executive,55460.72,2,79,32,64663.14
SVNIT Surat,Ajmer,Executive,41672.52,1,51,53,95165.7
Manipal Main Campus,Kolkata,Executive,51111.9,2,80,46,93755.33
"IEM, Kolkata",Ajmer,Executive,72687.95,3,37,47,83184.6
NIT Bhopal,Mumbai,Executive,55005.28,2,50,52,96127.3
"KIIT, Bhubaneswar",Kozhikode,Manager,52155.14,4,37,20,107459.42
IIT Delhi,Kozhikode,Executive,70019.5,2,61,42,110176.73
NIT Bhopal,Rourkela,Executive,56324.29,2,65,34,89294.97
IIT Madras,Asansol,Executive,47860.9,4,44,32,57136.65
IIIT Delhi,Kolkata,Executive,57928.33,1,67,28,116615.01
IGDTUW,Mumbai,Executive,59996.92,1,35,48,61025.69
NIT Calicut,Durgapur,Executive,56620.19,1,85,41,72788.44
IIT Bombay,Durgapur,Executive,63776.62,2,82,19,99561.97
TIET/Thapar University,Rourkela,Executive,63611.28,2,65,64,115356.97
SRM Main Campus,Hyderabad,Manager,60136.15,1,49,50,68406.45
DTU,Delhi,Executive,71141.82,3,39,21,98954.75
IIT Bombay,Ajmer,Executive,68237.31,3,60,54,56149.81
NIT Bhopal,Durgapur,Manager,57101.28,3,39,59,91780.28
IGDTUW,Kozhikode,Executive,59832.76,2,39,28,84930.28
IIT Bombay,Kozhikode,Executive,70827.13,3,78,54,100617.86
SVNIT Surat,Delhi,Manager,47211.17,3,72,24,94759.93
"KIIT, Bhubaneswar",Kozhikode,Executive,49439.03,4,65,28,87531.1
IIITM Gwalior,Kolkata,Executive,48348.46,4,58,63,70106.49
NIT Calicut,Delhi,Executive,45491.12,1,46,55,85407.92
SRM Main Campus,Chennai,Manager,60076.43,4,41,51,101837.48
IIITM Gwalior,Chennai,Executive,49796.21,2,42,18,61146.96
"Ramaiah Institute of Technology, Bengaluru",Mumbai,Executive,54511.03,4,58,28,56632.7
IIIT Delhi,Rourkela,Executive,55955.73,4,43,48,88461.66
DTU,Dehradun,Executive,54886.72,4,41,18,119178.24
NIT Calicut,Rourkela,Executive,58620.23,3,58,37,61499.75
DTU,Dehradun,Executive,50263.3,4,85,52,58725.38
DTU,Durgapur,Manager,74153.85,4,38,61,86023.49
IIT Delhi,Rajpur Sonarpur,Executive,46841.23,3,40,39,81467.71
IIT Bombay,Kolkata,Executive,44145.92,4,73,31,55758.86
IIT Kharagpur,Asansol,Executive,73535.51,4,85,22,56486.6
IIIT Delhi,Rourkela,Executive,50664.23,3,80,53,87526.05
VIT Vellore,Dehradun,Executive,41257.31,4,48,38,110080.84
"Ramaiah Institute of Technology, Bengaluru",Durgapur,Executive,57473.16,3,55,28,100969.21
NIT Bhopal,Delhi,Executive,40504.64,4,49,62,106453.97
"IEM, Kolkata",Chennai,Executive,73017.06,1,83,32,110556.7
SRM Main Campus,Kozhikode,Executive,47349.87,2,84,53,103763.76
TIET/Thapar University,Kozhikode,Executive,60093.13,4,82,45,76555.85
IIITM Gwalior,Ajmer,Executive,72385.32,3,49,55,118719.49
IIIT Delhi,Dehradun,Executive,44666.73,4,62,49,90238.16
IIITM Gwalior,Durgapur,Executive,53301.71,2,85,26,105164.34
"Ramaiah Institute of Technology, Bengaluru",Asansol,Executive,70994.4,2,58,62,98839.69
"IEM, Kolkata",Ajmer,Executive,56065.16,2,80,20,81143.37
TIET/Thapar University,Dehradun,Executive,50793.11,2,79,48,116227.32
Manipal Main Campus,Delhi,Executive,73536.12,4,69,41,105267.32
"KIIT, Bhubaneswar",Durgapur,Manager,73311.56,1,84,25,77252.97
IIIT Delhi,Kolkata,Executive,69901.07,1,63,50,69209.98
IIIT Delhi,Asansol,Executive,70952.05,2,70,56,117155.53
IIIT Bangalore,Ajmer,Executive,59093.37,3,84,59,95456.32
IIT Kharagpur,Mumbai,Executive,53724.61,3,72,31,100726.87
IIT Bombay,Chennai,Manager,56414.93,1,40,56,105751.95
IIITM Gwalior,Rourkela,Executive,65004.46,4,84,59,84671.85
"Ramaiah Institute of Technology, Bengaluru",Mumbai,Executive,63755.71,4,67,35,92956.91
IIT Kharagpur,Hyderabad,Manager,69763.78,4,75,26,114211.74
IGDTUW,Durgapur,Executive,54912.36,3,45,48,76525.87
SVNIT Surat,Durgapur,Executive,65538.5,4,79,59,61738.33
SRM Main Campus,Rajpur Sonarpur,Executive,44068.91,1,67,47,63789.38
SRM Main Campus,Hyderabad,Manager,46132.75,4,38,36,67207.67
"IEM, Kolkata",Delhi,Executive,45272.7,2,84,26,113343.41
SVNIT Surat,Ajmer,Executive,64364.24,4,39,19,61491.03
VIT Vellore,Rajpur Sonarpur,Executive,44213.31,4,68,45,81249.4
IIT Madras,Chennai,Executive,40791.37,1,68,20,68509.79
"KIIT, Bhubaneswar",Rajpur Sonarpur,Executive,40255.01,3,67,27,87214.73
IIT Delhi,Durgapur,Executive,52126.79,1,68,55,66487.42
IIT Kharagpur,Bangalore,Executive,47663.23,4,84,64,88813.7
SRM Main Campus,Hyderabad,Executive,55453.05,1,83,50,94102.35
"KIIT, Bhubaneswar",Ajmer,Executive,43088.69,1,56,22,117299.74
VIT Vellore,Ajmer,Executive,58315.65,3,57,45,80619.07
TIET/Thapar University,Chennai,Executive,51364.03,3,65,56,95838.94
IIT Kanpur,Ajmer,Executive,63136.18,2,61,62,73937.06
IIT Kanpur,Chennai,Executive,60673.25,2,77,58,56133.45
"IEM, Kolkata",Ajmer,Executive,61043.34,3,61,39,107671.71
IIIT Bangalore,Rajpur Sonarpur,Executive,41118.72,2,66,28,61194.87
NIT Bhopal,Durgapur,Executive,43424.71,2,62,45,88977.19
IIIT Bangalore,Hyderabad,Executive,67205.9,3,56,32,73308.83
IIT Kharagpur,Ajmer,Executive,72640.06,3,39,59,76846.8
IGDTUW,Hyderabad,Executive,51366.53,4,46,50,93884.05
DTU,Ajmer,Manager,51035.26,1,62,57,118091.28
NIT Bhopal,Kolkata,Executive,54368.93,4,76,51,116929.07
Manipal Main Campus,Durgapur,Executive,61656.1,2,45,42,92564.87
NIT Calicut,Kozhikode,Executive,56929.11,2,76,42,119120.68
IIT Delhi,Asansol,Executive,65086.32,1,69,45,116856.23
IIT Kharagpur,Durgapur,Executive,41841.9,1,40,48,93405.16
IGDTUW,Mumbai,Executive,53704.26,2,77,32,107002.34
IGDTUW,Bangalore,Executive,64115.4,2,65,54,75759.6
IIT Kharagpur,Kolkata,Manager,41967.49,1,83,19,66814.35
VIT Vellore,Ajmer,Manager,66749.73,1,38,33,68552.47
NIT Bhopal,Kolkata,Manager,44219.34,3,48,23,115649.36
TIET/Thapar University,Kozhikode,Executive,71857.17,4,44,20,65591.96
"IEM, Kolkata",Ajmer,Manager,61858.4,4,44,20,57710.83
IIIT Bangalore,Ajmer,Executive,59224.9,2,36,55,86758.45
IIT Kanpur,Rourkela,Executive,45245.33,4,51,22,74704.02
IIT Delhi,Asansol,Executive,61750.05,3,59,41,91013.02
IIITM Gwalior,Durgapur,Executive,67043.65,3,48,63,61576.85
SVNIT Surat,Chennai,Manager,58947.48,3,56,59,114926.81
VIT Vellore,Rajpur Sonarpur,Executive,48420.36,4,47,20,64505.0
IIIT Bangalore,Kolkata,Executive,44311.41,4,46,25,116883.48
IIITM Gwalior,Asansol,Executive,52060.17,2,45,58,87775.1
IIT Kharagpur,Dehradun,Manager,68198.52,4,46,28,82310.91
DTU,Mumbai,Executive,68912.01,1,38,60,92632.19
NIT Calicut,Ajmer,Executive,42108.32,2,61,37,118693.05
IIIT Bangalore,Asansol,Manager,68021.69,2,37,46,115675.87
NIT Calicut,Kozhikode,Executive,58124.08,2,52,34,113423.24
SRM Main Campus,Kolkata,Executive,74645.49,2,64,34,64489.14
IGDTUW,Dehradun,Executive,69888.17,4,75,38,78893.37
IIT Delhi,Hyderabad,Executive,72684.22,1,52,48,75255.31
NIT Calicut,Mumbai,Executive,53342.83,3,65,59,58702.59
IIIT Bangalore,Rourkela,Executive,60217.38,2,36,56,55457.63
IIT Bombay,Kolkata,Executive,44345.2,3,80,24,116747.63
IGDTUW,Delhi,Executive,46283.23,2,40,20,109884.92
IIT Kharagpur,Hyderabad,Executive,47401.91,1,42,64,107083.15
"Ramaiah Institute of Technology, Bengaluru",Delhi,Executive,41087.1,4,76,61,116538.48
IIT Delhi,Ajmer,Executive,70518.9,4,56,30,91105.27
IIT Delhi,Bangalore,Executive,46015.6,4,64,29,99442.96
IIT Madras,Delhi,Executive,63326.01,1,70,42,74408.75
DTU,Hyderabad,Executive,60388.74,4,84,21,83582.16
VIT Vellore,Hyderabad,Manager,63499.1,1,83,47,85766.35
SRM Main Campus,Delhi,Executive,40538.65,2,65,41,73427.31
IIT Kanpur,Durgapur,Executive,58535.5,3,84,46,109037.64
DTU,Kozhikode,Manager,47601.4,1,56,51,114915.59
IIT Bombay,Durgapur,Executive,63108.12,3,68,25,85143.81
NIT Bhopal,Rajpur Sonarpur,Executive,64297.55,3,44,50,105148.47
IIT Madras,Hyderabad,Executive,57320.05,3,48,45,96828.86
IIT Kanpur,Dehradun,Executive,47352.16,2,83,35,114293.75
IIT Madras,Kozhikode,Manager,50462.72,1,74,56,105575.27
Manipal Main Campus,Delhi,Executive,47574.16,4,61,23,109159.18
IIITM Gwalior,Durgapur,Executive,49782.15,2,51,49,97367.06
NIT Bhopal,Ajmer,Executive,50518.7,4,38,24,76033.96
NIT Calicut,Bangalore,Executive,55848.42,1,50,39,104172.55
IIITM Gwalior,Kozhikode,Manager,43226.13,4,70,44,97480.94
TIET/Thapar University,Dehradun,Executive,62710.85,4,39,32,82562.43
VIT Vellore,Ajmer,Executive,54888.34,3,58,18,62261.46
NIT Bhopal,Kozhikode,Manager,54884.72,1,85,54,111757.81
IGDTUW,Chennai,Executive,73589.95,4,84,34,109049.59
IIIT Delhi,Mumbai,Executive,61084.36,3,48,39,59823.6
Manipal Main Campus,Mumbai,Executive,73758.22,3,64,51,62491.99
DTU,Kolkata,Executive,59620.45,2,39,59,62585.6
IIT Delhi,Rajpur Sonarpur,Executive,73590.69,2,45,38,77189.08
DTU,Bangalore,Manager,63272.79,4,64,33,106961.21
"Ramaiah Institute of Technology, Bengaluru",Kolkata,Executive,42001.97,2,78,23,73180.93
NIT Calicut,Durgapur,Executive,46964.43,3,39,34,98199.28
IIT Kanpur,Bangalore,Executive,62198.59,4,35,49,99339.7
IIT Delhi,Chennai,Executive,42362.78,2,65,64,73287.19
SVNIT Surat,Asansol,Executive,72576.32,3,67,32,55721.04
IIT Kharagpur,Kolkata,Executive,73738.35,3,78,18,104581.15
"IEM, Kolkata",Ajmer,Executive,40469.97,4,66,33,110804.46
"KIIT, Bhubaneswar",Mumbai,Executive,42166.21,3,53,39,66951.57
IIT Kharagpur,Durgapur,Manager,49816.85,4,55,62,91254.67
IIITM Gwalior,Rourkela,Executive,57003.24,2,43,20,99913.2
IIT Kharagpur,Delhi,Executive,49571.73,2,49,23,108897.78
NIT Bhopal,Dehradun,Executive,42584.21,2,62,44,76771.13
IIT Kanpur,Dehradun,Executive,71090.52,3,42,39,98442.24
IIT Delhi,Rourkela,Executive,42845.5,3,71,61,85232.28
VIT Vellore,Durgapur,Executive,46798.61,4,55,32,76408.01
IGDTUW,Ajmer,Executive,43367.73,2,69,62,93490.78
IIT Kharagpur,Ajmer,Executive,41383.08,2,45,56,83598.67
NIT Calicut,Delhi,Manager,42205.61,2,37,49,74048.24
IIT Madras,Durgapur,Manager,51062.64,4,50,46,117485.91
SRM Main Campus,Dehradun,Executive,60158.88,2,42,27,87341.07
IIITM Gwalior,Rourkela,Executive,61543.91,2,64,28,91405.0
IIIT Bangalore,Kolkata,Executive,45906.09,1,59,51,70590.88
IIT Bombay,Ajmer,Executive,67659.82,2,75,42,99036.73
NIT Bhopal,Kozhikode,Executive,67517.59,3,47,60,80566.31
IIT Delhi,Rourkela,Manager,73654.9,2,38,47,55705.01
IIIT Delhi,Bangalore,Manager,50248.17,1,61,48,101371.94
IIT Delhi,Kozhikode,Executive,40275.13,3,39,52,85630.3
DTU,Ajmer,Executive,62158.34,4,51,58,72018.53
IIT Kharagpur,Rourkela,Executive,64277.22,2,66,27,89769.57
IIT Kanpur,Kolkata,Executive,63912.67,2,69,23,99851.13
NIT Calicut,Kolkata,Manager,42578.47,3,76,41,57811.09
DTU,Rourkela,Executive,70045.34,4,76,52,71198.89
Manipal Main Campus,Kozhikode,Executive,72621.89,2,62,29,119927.62
IGDTUW,Asansol,Executive,61249.05,2,43,37,83180.89
TIET/Thapar University,Durgapur,Executive,46431.41,1,67,63,57742.76
"KIIT, Bhubaneswar",Asansol,Manager,46878.06,3,82,61,82982.8
TIET/Thapar University,Ajmer,Executive,50950.26,2,58,25,85978.39
IIT Delhi,Hyderabad,Executive,42845.11,2,80,41,102174.63
NIT Calicut,Ajmer,Executive,61168.26,4,46,20,70129.41
TIET/Thapar University,Kolkata,Manager,67283.92,4,37,30,82596.08
IIT Delhi,Hyderabad,Executive,52684.14,3,38,20,74075.66
IIIT Delhi,Mumbai,Executive,47228.66,4,35,26,79028.54
IIT Madras,Dehradun,Executive,67451.28,4,59,42,68997.61
DTU,Delhi,Executive,69453.77,3,41,22,115932.23
IIT Kharagpur,Ajmer,Executive,67271.43,1,47,53,84811.78
SRM Main Campus,Asansol,Executive,55461.19,4,36,33,71135.5
NIT Calicut,Kolkata,Executive,58406.72,2,48,37,60322.11
"IEM, Kolkata",Dehradun,Executive,65582.11,1,38,27,85940.2
NIT Calicut,Delhi,Executive,61224.52,2,48,23,60025.21
SRM Main Campus,Ajmer,Executive,54730.66,4,48,60,60944.38
DTU,Rajpur Sonarpur,Executive,53664.54,4,35,57,55259.17
NIT Calicut,Rourkela,Executive,46371.74,4,36,51,61871.14
IIITM Gwalior,Asansol,Executive,73056.82,3,84,46,69118.65
NIT Calicut,Chennai,Executive,50192.5,1,35,44,103605.34
Manipal Main Campus,Chennai,Executive,70709.55,2,74,19,72143.62
IIIT Bangalore,Durgapur,Executive,44137.18,3,36,46,115337.92
IIT Bombay,Kozhikode,Manager,62091.95,3,72,42,114059.9
Manipal Main Campus,Mumbai,Executive,71433.49,1,55,25,110364.62
NIT Calicut,Dehradun,Manager,60952.94,3,53,33,63018.1
TIET/Thapar University,Mumbai,Executive,60246.45,4,75,51,90566.29
NIT Calicut,Kozhikode,Executive,72469.4,1,63,61,118339.32
Manipal Main Campus,Mumbai,Manager,49084.25,2,76,49,64067.39
SRM Main Campus,Hyderabad,Executive,44016.55,4,40,18,110338.06
IIT Bombay,Asansol,Executive,46277.85,3,74,37,100800.6
DTU,Kozhikode,Executive,44578.63,2,60,29,91778.99
DTU,Dehradun,Manager,69557.53,3,66,54,118194.69
IIT Kanpur,Rourkela,Executive,49323.98,4,75,38,76159.57
NIT Bhopal,Ajmer,Manager,59596.5,1,52,61,77942.4
NIT Calicut,Rajpur Sonarpur,Executive,71136.35,4,81,60,67995.58
NIT Calicut,Hyderabad,Executive,58358.48,1,79,20,106846.21
SRM Main Campus,Kozhikode,Executive,65519.87,3,46,60,117482.64
IIIT Delhi,Chennai,Manager,41378.94,3,63,38,63883.19
IIT Kanpur,Delhi,Executive,70790.93,1,82,51,56527.19
IIT Kharagpur,Mumbai,Executive,51799.45,2,79,28,90014.98
NIT Calicut,Rourkela,Executive,41287.65,1,58,47,63223.74
IIIT Delhi,Chennai,Executive,52883.55,1,60,27,55064.23
IIT Kanpur,Kolkata,Executive,52444.09,1,69,29,59074.55
NIT Calicut,Delhi,Executive,40695.24,2,60,46,71831.88
NIT Bhopal,Rourkela,Executive,70873.53,3,41,33,93597.39
IIT Delhi,Delhi,Executive,44189.57,2,84,55,71143.44
IIT Delhi,Bangalore,Executive,51846.59,1,55,27,67296.54
DTU,Kozhikode,Executive,63799.71,1,48,51,99984.89
NIT Bhopal,Durgapur,Executive,74958.23,4,59,24,115338.08
IIT Kanpur,Durgapur,Manager,71031.68,1,71,28,91817.44
IIIT Delhi,Chennai,Executive,67382.65,1,54,24,107813.12
IGDTUW,Kolkata,Executive,72683.85,3,54,55,56269.94
SRM Main Campus,Kolkata,Executive,56598.99,2,48,30,70712.34
"KIIT, Bhubaneswar",Ajmer,Manager,40950.76,3,71,40,63243.5
VIT Vellore,Hyderabad,Executive,40269.79,2,81,46,112244.24
TIET/Thapar University,Chennai,Executive,58044.98,2,56,46,78264.38
IIT Delhi,Durgapur,Executive,62164.03,3,76,51,77655.94
NIT Calicut,Dehradun,Executive,42817.61,4,59,36,79330.39
IIITM Gwalior,Bangalore,Executive,40347.49,2,47,36,74835.15
NIT Calicut,Chennai,Executive,68201.37,1,71,44,85033.16
IIT Madras,Dehradun,Executive,49259.86,1,36,45,106268.33
IGDTUW,Durgapur,Executive,57747.96,4,83,27,94887.43
IIITM Gwalior,Hyderabad,Executive,56431.35,1,42,57,82605.9
SVNIT Surat,Chennai,Manager,50799.04,4,43,47,113890.61
IIIT Bangalore,Hyderabad,Manager,50935.15,3,42,64,114865.03
NIT Bhopal,Mumbai,Executive,46596.79,2,65,25,62167.23
SVNIT Surat,Kolkata,Executive,50295.68,1,68,39,119803.06
SRM Main Campus,Bangalore,Executive,72357.31,1,63,45,63687.83
IGDTUW,Delhi,Manager,61867.56,3,54,30,98262.14
SVNIT Surat,Asansol,Executive,40174.12,1,48,64,75608.88
IIIT Bangalore,Delhi,Executive,40000.6,4,71,23,89529.06
"IEM, Kolkata",Ajmer,Executive,51234.05,1,76,43,97688.75
VIT Vellore,Hyderabad,Manager,53311.04,4,80,51,95789.14
Manipal Main Campus,Mumbai,Executive,54803.31,4,62,55,94515.17
SRM Main Campus,Kozhikode,Executive,64119.86,1,37,43,104832.41
IIT Kharagpur,Rourkela,Manager,66707.83,4,69,38,69300.6
IIT Kanpur,Kolkata,Manager,51971.27,1,41,44,80198.31
IIT Bombay,Chennai,Executive,50794.43,3,50,40,94231.33
IIITM Gwalior,Asansol,Executive,49837.05,2,38,52,77978.81
IIITM Gwalior,Rourkela,Manager,69140.14,2,55,35,72813.85
SRM Main Campus,Ajmer,Executive,48971.67,2,60,22,62259.72
IIT Bombay,Dehradun,Executive,71465.11,1,70,23,79211.64
IGDTUW,Delhi,Executive,63518.27,3,39,29,89403.15
SVNIT Surat,Mumbai,Executive,49075.7,3,60,28,62486.44
IIT Delhi,Kozhikode,Manager,71684.43,4,79,37,90509.4
SRM Main Campus,Bangalore,Executive,63050.1,1,41,30,108356.06
IIIT Delhi,Bangalore,Executive,61840.7,1,41,31,55449.17
IIT Madras,Ajmer,Executive,52750.29,3,48,23,95337.89
NIT Calicut,Bangalore,Executive,54928.76,3,79,54,102697.85
IIT Kharagpur,Chennai,Executive,73465.93,4,80,41,72895.33
SRM Main Campus,Kozhikode,Executive,70674.35,2,66,57,80777.88
IIT Kanpur,Dehradun,Executive,69820.44,2,70,59,95778.98
IIT Madras,Mumbai,Executive,58297.83,3,83,60,69617.03
"KIIT, Bhubaneswar",Delhi,Executive,74246.81,3,64,39,94211.86
IIITM Gwalior,Bangalore,Manager,45522.78,2,55,39,55838.95
DTU,Mumbai,Executive,40227.51,4,72,37,77686.77
IIT Madras,Asansol,Executive,58983.45,4,66,50,72826.77
IIIT Delhi,Dehradun,Manager,65314.78,3,66,64,80947.03
IIT Bombay,Asansol,Executive,54980.83,1,81,55,79184.28
IIT Madras,Rajpur Sonarpur,Manager,57981.84,2,75,24,101156.28
NIT Bhopal,Bangalore,Executive,59952.0,3,42,63,61785.29
"Ramaiah Institute of Technology, Bengaluru",Asansol,Executive,56586.84,3,68,36,97406.15
IIT Madras,Asansol,Executive,62435.65,3,50,40,91347.83
"KIIT, Bhubaneswar",Rajpur Sonarpur,Executive,44693.11,3,58,34,81169.63
IIT Bombay,Bangalore,Executive,55006.8,2,39,31,116061.86
IIITM Gwalior,Rajpur Sonarpur,Executive,73024.97,1,46,28,80888.09
"Ramaiah Institute of Technology, Bengaluru",Asansol,Manager,54009.1,3,38,30,66670.38
DTU,Asansol,Manager,43498.4,3,84,56,57738.27
IIT Kanpur,Ajmer,Executive,50108.62,4,50,43,112700.37
Manipal Main Campus,Bangalore,Executive,74105.77,1,63,46,88835.44
VIT Vellore,Kolkata,Executive,51957.14,2,83,60,81475.31
Manipal Main Campus,Bangalore,Executive,51773.62,3,45,24,55226.65
IGDTUW,Rajpur Sonarpur,Manager,49464.39,2,85,54,111388.45
"KIIT, Bhubaneswar",Durgapur,Executive,60986.54,1,46,58,88711.57
IIT Kharagpur,Rourkela,Executive,63026.35,2,75,24,58078.23
NIT Calicut,Ajmer,Executive,51519.89,2,44,22,119937.98
"IEM, Kolkata",Delhi,Executive,55522.63,3,58,62,98874.42
IIT Delhi,Durgapur,Executive,57865.93,1,79,29,111701.05
IIT Bombay,Hyderabad,Executive,58729.8,2,41,36,71486.31
SRM Main Campus,Kozhikode,Manager,50708.76,2,67,26,67442.7
IIITM Gwalior,Durgapur,Executive,54753.31,4,73,38,117059.49
DTU,Dehradun,Executive,60997.39,3,66,58,73250.23
SVNIT Surat,Chennai,Manager,66340.94,4,55,43,114506.91
IIT Madras,Ajmer,Manager,68612.94,3,67,22,110956.85
IIIT Bangalore,Mumbai,Executive,49461.47,2,64,21,89828.71
Manipal Main Campus,Mumbai,Executive,66897.32,1,49,51,62944.04
NIT Calicut,Hyderabad,Executive,64185.68,3,85,44,101271.05
SRM Main Campus,Chennai,Executive,59503.55,1,56,37,82681.74
IIT Madras,Durgapur,Executive,60475.59,1,83,51,89623.8
IIT Delhi,Asansol,Manager,65844.55,1,68,25,112109.05
"IEM, Kolkata",Rourkela,Executive,58397.98,1,71,64,58272.0
"IEM, Kolkata",Durgapur,Executive,47098.57,3,38,57,101300.54
IIT Madras,Chennai,Manager,64747.49,2,54,55,62962.59
VIT Vellore,Hyderabad,Executive,62175.95,3,85,54,112590.16
IIIT Bangalore,Dehradun,Manager,57031.94,1,45,49,60240.25
IIIT Bangalore,Mumbai,Manager,46808.89,2,73,52,58702.27
"KIIT, Bhubaneswar",Ajmer,Manager,46305.56,3,72,60,105324.18
"Ramaiah Institute of Technology, Bengaluru",Mumbai,Executive,51115.5,4,48,29,78809.39
IIT Bombay,Kolkata,Executive,62044.24,3,85,29,70489.54
VIT Vellore,Chennai,Executive,60723.78,2,59,22,99410.04
VIT Vellore,Mumbai,Executive,42763.92,2,69,25,94709.15
NIT Calicut,Chennai,Executive,70022.55,3,52,48,67730.38
IGDTUW,Rajpur Sonarpur,Executive,68128.24,4,70,50,87052.06
IGDTUW,Dehradun,Executive,44516.87,1,47,39,78628.56
IIT Kharagpur,Delhi,Executive,44438.58,2,75,45,56543.78
IGDTUW,Asansol,Executive,74593.44,4,58,43,78152.23
VIT Vellore,Delhi,Executive,58139.47,1,63,62,100381.94
IIIT Bangalore,Hyderabad,Executive,55026.73,3,67,27,56792.94
IIT Kanpur,Durgapur,Executive,51964.5,1,74,30,64035.9
IIIT Bangalore,Asansol,Executive,54807.76,1,64,36,94153.53
IIIT Bangalore,Bangalore,Executive,66832.72,4,65,26,99272.99
IIT Bombay,Dehradun,Executive,44156.02,2,47,47,103404.21
TIET/Thapar University,Rajpur Sonarpur,Manager,70347.09,1,64,25,118780.06
TIET/Thapar University,Hyderabad,Manager,62405.87,4,62,35,60701.05
VIT Vellore,Bangalore,Manager,44218.1,3,36,56,107678.56
DTU,Ajmer,Executive,52926.33,3,70,29,114281.5
IIIT Bangalore,Asansol,Executive,69542.15,3,52,55,59779.09
IGDTUW,Rajpur Sonarpur,Executive,61166.67,3,44,49,60982.68
"Ramaiah Institute of Technology, Bengaluru",Rourkela,Executive,55932.15,2,82,49,73335.38
IIITM Gwalior,Dehradun,Executive,40209.5,2,55,36,55843.95
IIT Bombay,Delhi,Manager,47602.84,1,50,20,74912.0
IIT Delhi,Dehradun,Executive,53157.07,2,38,50,73103.88
TIET/Thapar University,Kozhikode,Executive,43534.35,3,74,34,80279.63
SVNIT Surat,Bangalore,Executive,64167.17,4,78,48,70205.71
VIT Vellore,Durgapur,Executive,56609.27,4,58,19,105703.54
IIT Madras,Mumbai,Executive,50692.94,4,59,33,114721.48
NIT Bhopal,Ajmer,Executive,55612.69,2,56,36,78960.55
NIT Bhopal,Hyderabad,Executive,74673.04,3,35,37,71103.94
Manipal Main Campus,Delhi,Executive,73701.13,3,77,60,88854.0
NIT Bhopal,Ajmer,Executive,41134.51,3,72,54,117010.81
TIET/Thapar University,Ajmer,Executive,62967.58,2,78,44,102342.85
IIIT Bangalore,Ajmer,Executive,71823.16,1,77,30,61138.15
"IEM, Kolkata",Ajmer,Executive,58588.36,2,79,63,57192.84
IIT Delhi,Ajmer,Executive,62934.16,4,36,32,68841.81
"IEM, Kolkata",Delhi,Executive,61538.19,1,42,61,89145.92
IIIT Bangalore,Kozhikode,Executive,65348.47,4,58,36,78872.56
DTU,Hyderabad,Executive,63226.4,4,58,56,71295.09
SRM Main Campus,Kolkata,Executive,63709.8,2,85,42,70241.79
IIIT Delhi,Durgapur,Executive,60064.63,2,45,43,89445.1
VIT Vellore,Dehradun,Executive,50235.68,1,36,34,76003.3
IIT Delhi,Bangalore,Manager,60100.22,3,52,35,59276.04
IIIT Bangalore,Bangalore,Executive,40240.12,3,57,51,102699.18
"IEM, Kolkata",Kozhikode,Executive,63327.82,2,38,33,81530.0
NIT Calicut,Bangalore,Executive,69094.91,1,44,23,107382.06
SVNIT Surat,Hyderabad,Manager,69027.07,3,64,41,95894.63
IIT Kanpur,Rourkela,Executive,42406.92,4,72,44,78463.54
IIT Madras,Rourkela,Executive,42257.85,4,78,39,80078.35
Manipal Main Campus,Kozhikode,Executive,64290.1,4,71,37,101463.45
NIT Calicut,Rourkela,Manager,41661.28,1,51,28,99626.81
IIIT Bangalore,Bangalore,Executive,72088.28,2,68,48,88108.35
"IEM, Kolkata",Delhi,Executive,67541.73,2,40,57,57674.92
IIIT Bangalore,Mumbai,Executive,57901.65,3,85,53,112352.65
SRM Main Campus,Chennai,Executive,44275.42,4,67,33,102456.28
NIT Bhopal,Hyderabad,Executive,41349.39,1,40,44,109627.47
Manipal Main Campus,Durgapur,Executive,67799.92,2,47,33,88231.71
IIT Kharagpur,Rajpur Sonarpur,Executive,73132.64,3,52,43,61276.69
"KIIT, Bhubaneswar",Dehradun,Executive,45046.0,4,52,30,100240.64
IIIT Bangalore,Delhi,Executive,53923.14,1,69,37,104765.3
IIT Delhi,Rajpur Sonarpur,Executive,64918.91,4,56,36,99280.11
IIT Kanpur,Chennai,Manager,40352.52,1,74,45,67329.76
NIT Calicut,Hyderabad,Executive,56724.64,3,63,27,104503.18
"Ramaiah Institute of Technology, Bengaluru",Asansol,Executive,48036.73,2,65,53,86615.58
Manipal Main Campus,Kozhikode,Manager,53978.44,4,66,63,93653.19
IIITM Gwalior,Rourkela,Executive,40320.84,2,53,54,91490.9
IIIT Delhi,Hyderabad,Manager,45035.88,4,60,49,102233.74
IIIT Bangalore,Kolkata,Executive,74152.61,1,40,34,76691.95
DTU,Bangalore,Executive,50392.04,3,67,51,104186.88
VIT Vellore,Hyderabad,Executive,45437.57,1,66,28,110123.6
VIT Vellore,Kolkata,Executive,57991.28,3,65,42,116800.73
IIT Bombay,Hyderabad,Executive,66385.52,2,72,38,65188.96
IIT Kharagpur,Kozhikode,Manager,66464.11,3,40,49,83874.13
TIET/Thapar University,Kolkata,Manager,59425.81,2,84,53,70525.85
"KIIT, Bhubaneswar",Delhi,Executive,55787.6,1,57,34,88155.5
NIT Calicut,Kozhikode,Manager,72729.83,4,58,60,110154.8
IIT Bombay,Asansol,Executive,51858.22,1,72,24,62353.89
DTU,Bangalore,Executive,45587.07,3,74,44,61114.8
"KIIT, Bhubaneswar",Hyderabad,Manager,56102.9,4,60,51,60943.38
"IEM, Kolkata",Ajmer,Executive,72959.21,3,37,34,80741.96
"Ramaiah Institute of Technology, Bengaluru",Rajpur Sonarpur,Executive,48458.94,3,54,34,92363.35
"Ramaiah Institute of Technology, Bengaluru",Delhi,Executive,41852.24,1,57,41,117149.27
NIT Bhopal,Rourkela,Executive,61481.15,3,40,28,84942.96
VIT Vellore,Kolkata,Executive,66595.92,1,41,53,75125.16
"Ramaiah Institute of Technology, Bengaluru",Rajpur Sonarpur,Manager,70396.4,2,79,58,104449.88
IIITM Gwalior,Hyderabad,Manager,68401.0,1,35,50,102918.75
TIET/Thapar University,Rourkela,Executive,69544.11,4,53,43,69477.17
NIT Bhopal,Rajpur Sonarpur,Executive,48089.82,2,70,37,69398.9
TIET/Thapar University,Hyderabad,Executive,53694.52,3,64,32,109188.99
SVNIT Surat,Chennai,Executive,53908.98,3,50,43,62889.79
IIIT Delhi,Ajmer,Executive,69190.46,2,38,49,75197.73
SVNIT Surat,Dehradun,Executive,46527.66,3,76,51,84396.41
NIT Calicut,Rajpur Sonarpur,Manager,49029.23,2,72,52,67023.03
"Ramaiah Institute of Technology, Bengaluru",Kozhikode,Executive,41054.48,1,39,38,65034.87
"Ramaiah Institute of Technology, Bengaluru",Kolkata,Manager,70619.87,4,64,55,98914.02
IIITM Gwalior,Delhi,Executive,64071.99,2,70,22,98512.15
IIT Kanpur,Dehradun,Executive,44653.97,3,76,46,75812.1
IIIT Bangalore,Mumbai,Executive,60097.87,1,67,29,109043.59
SVNIT Surat,Mumbai,Manager,50577.72,4,50,58,105992.32
SVNIT Surat,Delhi,Manager,57794.47,3,84,51,83781.26
IIT Bombay,Rajpur Sonarpur,Executive,50355.15,4,44,40,77928.07
IIT Bombay,Delhi,Executive,65396.42,4,43,18,79095.0
TIET/Thapar University,Rourkela,Executive,45681.86,2,48,33,58483.12
SRM Main Campus,Hyderabad,Executive,50635.5,3,49,36,63393.25
SRM Main Campus,Hyderabad,Executive,60242.49,4,42,41,83818.29
IIT Bombay,Kolkata,Manager,63685.63,2,64,26,107840.49
TIET/Thapar University,Dehradun,Executive,60110.7,4,75,24,56038.12
Manipal Main Campus,Rourkela,Executive,46985.7,3,57,19,73636.01
VIT Vellore,Rourkela,Executive,59134.23,4,45,30,58516.09
TIET/Thapar University,Mumbai,Executive,61047.45,1,71,23,102115.64
IIT Delhi,Mumbai,Manager,61958.74,1,77,50,67723.11
SVNIT Surat,Kolkata,Executive,66651.14,1,58,61,110739.29
"Ramaiah Institute of Technology, Bengaluru",Durgapur,Executive,63269.68,1,67,51,92978.91
VIT Vellore,Asansol,Manager,55819.32,3,69,53,64361.8
IIITM Gwalior,Delhi,Executive,65886.72,3,67,46,81451.91
IIT Madras,Durgapur,Executive,69678.53,1,49,59,108589.84
IIIT Bangalore,Bangalore,Executive,52844.13,3,78,30,72000.82
IGDTUW,Dehradun,Executive,53818.54,3,48,19,100562.65
IIT Kanpur,Ajmer,Executive,57195.39,4,46,51,102823.27
IIITM Gwalior,Rourkela,Manager,69045.29,1,55,63,90267.06
SRM Main Campus,Rajpur Sonarpur,Executive,56560.05,3,70,63,55210.65
IGDTUW,Bangalore,Executive,51485.61,1,79,49,59092.15
IIIT Bangalore,Mumbai,Executive,45940.81,3,47,61,68894.98
IIT Kanpur,Hyderabad,Executive,67336.28,2,39,61,74095.4
IIIT Delhi,Mumbai,Manager,44886.61,2,69,46,70621.83
IIT Kharagpur,Delhi,Executive,65571.38,4,61,27,74704.94
IIT Madras,Delhi,Executive,44781.7,4,58,48,55375.76
IIITM Gwalior,Dehradun,Executive,44156.13,3,35,57,118210.1
IIIT Delhi,Chennai,Executive,74291.47,4,49,61,108240.63
"Ramaiah Institute of Technology, Bengaluru",Chennai,Manager,54892.77,4,50,49,79364.22
"Ramaiah Institute of Technology, Bengaluru",Chennai,Executive,45353.44,3,36,60,109431.58
IIT Kharagpur,Delhi,Executive,66574.3,1,48,24,67338.19
IIIT Bangalore,Chennai,Executive,61801.16,1,75,22,102436.08
IIT Kanpur,Bangalore,Executive,51673.6,4,72,24,100784.42
SVNIT Surat,Asansol,Executive,44353.14,2,54,47,105240.05
IIT Kharagpur,Mumbai,Executive,70569.64,3,43,23,116877.28
TIET/Thapar University,Chennai,Executive,41223.5,3,52,28,80658.91
SRM Main Campus,Hyderabad,Executive,60477.87,4,74,47,93610.12
IIT Delhi,Hyderabad,Executive,58769.42,4,68,51,56980.25
IGDTUW,Delhi,Executive,61151.69,4,59,37,58210.67
SRM Main Campus,Dehradun,Manager,41432.91,3,70,31,59586.12
TIET/Thapar University,Hyderabad,Executive,50965.63,2,81,32,118062.59
"IEM, Kolkata",Asansol,Executive,64958.16,3,75,39,90259.2
IIIT Bangalore,Mumbai,Executive,48144.99,4,40,45,116130.34
IIT Madras,Kolkata,Executive,69662.73,3,62,49,99593.91
IIT Delhi,Bangalore,Manager,54856.85,3,43,24,64496.13
VIT Vellore,Mumbai,Executive,47935.31,4,69,37,118037.08
IIITM Gwalior,Rourkela,Manager,49544.02,1,51,25,74821.78
IIITM Gwalior,Bangalore,Executive,71608.43,3,79,38,96453.24
Manipal Main Campus,Durgapur,Manager,43297.48,3,62,57,103832.2
Manipal Main Campus,Dehradun,Executive,55431.88,2,40,33,110996.92
IIT Delhi,Bangalore,Manager,61401.01,4,61,60,101562.49
IGDTUW,Delhi,Executive,43815.07,1,72,34,102867.77
IGDTUW,Rajpur Sonarpur,Executive,61127.31,4,66,43,70554.08
NIT Bhopal,Dehradun,Manager,51689.46,3,81,56,69394.04
NIT Bhopal,Asansol,Executive,41144.09,4,39,43,119150.38
IIIT Delhi,Kozhikode,Executive,44616.98,3,56,18,61165.55
IIT Kanpur,Chennai,Manager,64271.97,1,54,47,63723.86
IIIT Bangalore,Rourkela,Executive,44248.22,1,63,39,75701.14
TIET/Thapar University,Delhi,Executive,56970.23,4,79,37,68990.11
NIT Bhopal,Mumbai,Executive,60735.24,4,47,50,110178.02
IGDTUW,Hyderabad,Executive,69292.5,3,74,52,111278.47
IIT Delhi,Durgapur,Executive,65678.67,3,39,20,91655.1
NIT Calicut,Asansol,Executive,41852.86,4,42,53,95293.68
"Ramaiah Institute of Technology, Bengaluru",Kozhikode,Executive,72217.75,2,80,59,56249.83
IIITM Gwalior,Durgapur,Executive,66224.07,3,85,29,73762.19
TIET/Thapar University,Kozhikode,Executive,56959.92,1,60,27,67500.84
IIT Kharagpur,Delhi,Manager,64148.55,1,46,51,73475.06
VIT Vellore,Rourkela,Executive,54023.83,3,71,39,109384.18
Manipal Main Campus,Mumbai,Manager,49083.2,1,81,40,68300.08
SRM Main Campus,Rourkela,Manager,69507.15,4,41,55,113716.71
SRM Main Campus,Ajmer,Executive,65022.67,2,42,33,70593.7
NIT Bhopal,Bangalore,Executive,64358.54,2,72,41,109140.36
IIT Kharagpur,Chennai,Manager,53196.26,1,53,51,100990.5
NIT Calicut,Bangalore,Executive,58818.96,1,64,35,105542.07
Manipal Main Campus,Dehradun,Executive,58083.76,2,67,37,95595.58
"KIIT, Bhubaneswar",Durgapur,Executive,50644.22,3,81,26,98293.81
TIET/Thapar University,Chennai,Executive,68261.4,2,82,39,62709.29
IIITM Gwalior,Kozhikode,Executive,40688.77,3,47,24,119020.97
NIT Calicut,Hyderabad,Executive,72252.88,3,47,54,74592.25
IGDTUW,Rourkela,Manager,70687.72,2,49,22,73888.97
IIT Kanpur,Delhi,Manager,72019.9,4,49,62,70888.92
"Ramaiah Institute of Technology, Bengaluru",Kozhikode,Executive,56465.89,4,76,22,67925.66
IIT Madras,Durgapur,Executive,55209.55,2,84,59,101479.88
"Ramaiah Institute of Technology, Bengaluru",Asansol,Executive,44567.62,4,73,50,91189.63
SRM Main Campus,Asansol,Executive,70303.75,2,50,42,64368.14
NIT Calicut,Mumbai,Executive,66875.25,4,64,39,91963.28
"KIIT, Bhubaneswar",Chennai,Executive,69499.7,1,82,19,80114.08
VIT Vellore,Kozhikode,Executive,48950.62,4,56,22,87111.8
IIT Kanpur,Delhi,Executive,50583.64,4,36,58,118163.52
IIT Madras,Mumbai,Manager,45382.41,1,44,19,82239.0
NIT Calicut,Asansol,Executive,49222.41,4,35,56,108019.62
IIIT Bangalore,Bangalore,Executive,56424.16,3,68,43,115657.78
IIT Kharagpur,Chennai,Executive,49125.37,4,58,27,77891.03
IIT Kanpur,Rourkela,Executive,58568.73,2,54,22,110320.36
"Ramaiah Institute of Technology, Bengaluru",Delhi,Executive,57592.29,3,78,45,83886.16
NIT Calicut,Mumbai,Executive,45414.46,2,40,27,81745.61
IIT Kanpur,Hyderabad,Executive,74594.82,3,38,36,114150.5
IGDTUW,Delhi,Executive,57844.42,4,70,59,74710.03
IIT Kanpur,Durgapur,Executive,44683.44,3,79,54,114845.34
NIT Bhopal,Chennai,Executive,46186.35,1,35,52,109018.96
IGDTUW,Dehradun,Executive,41070.41,2,39,41,87706.66
IIT Bombay,Kolkata,Executive,65337.87,3,70,26,106054.75
SVNIT Surat,Ajmer,Executive,66781.98,4,64,52,76501.28
"KIIT, Bhubaneswar",Ajmer,Executive,73091.21,4,59,38,63508.19
IIT Madras,Rourkela,Executive,59703.09,1,64,44,76295.06
IIT Bombay,Hyderabad,Executive,68243.72,4,38,43,116473.86
TIET/Thapar University,Chennai,Executive,55450.26,2,47,41,117479.07
"Ramaiah Institute of Technology, Bengaluru",Rajpur Sonarpur,Executive,61765.48,1,50,62,98579.17
"KIIT, Bhubaneswar",Kozhikode,Executive,49096.74,2,83,36,65311.94
DTU,Hyderabad,Manager,70925.94,2,36,20,100738.92
SRM Main Campus,Kolkata,Executive,63998.42,3,70,40,76279.27
IGDTUW,Dehradun,Manager,67942.33,4,78,28,78441.58
IIT Delhi,Kozhikode,Manager,53588.06,1,71,27,90132.09
IIT Delhi,Rourkela,Executive,72332.75,4,84,46,61215.44
SVNIT Surat,Mumbai,Executive,73073.72,4,47,44,92105.76
IIIT Bangalore,Bangalore,Executive,66450.24,2,55,58,80613.01
IIT Madras,Mumbai,Executive,51536.69,2,58,46,111929.68
NIT Bhopal,Chennai,Executive,50945.79,3,48,34,89198.27
"KIIT, Bhubaneswar",Asansol,Executive,61019.84,1,39,51,100643.4
NIT Bhopal,Ajmer,Executive,65910.64,3,75,21,66551.91
NIT Calicut,Bangalore,Executive,63260.76,1,77,24,60529.77
Manipal Main Campus,Hyderabad,Executive,63289.35,1,50,38,87555.07
IIIT Bangalore,Durgapur,Executive,48597.95,3,85,22,112352.98
Manipal Main Campus,Mumbai,Executive,57562.89,1,64,41,109626.51
IIT Kanpur,Durgapur,Executive,50288.81,4,45,46,71498.57
IIIT Delhi,Hyderabad,Executive,64173.22,3,82,59,83751.11
IIT Kharagpur,Rourkela,Executive,65863.45,1,50,27,114952.0
IIIT Bangalore,Ajmer,Manager,44898.24,2,83,24,65705.54
NIT Bhopal,Durgapur,Executive,56278.57,2,61,58,105032.19
VIT Vellore,Rourkela,Manager,70971.31,4,44,57,83518.74
"KIIT, Bhubaneswar",Dehradun,Executive,60910.05,1,74,34,81155.43
"KIIT, Bhubaneswar",Hyderabad,Executive,41506.66,4,35,38,99712.49
SRM Main Campus,Delhi,Executive,40809.17,3,36,50,97303.04
IIT Kharagpur,Rourkela,Executive,69756.6,4,45,22,96325.26
NIT Bhopal,Kozhikode,Executive,55177.28,2,44,37,67529.9
SRM Main Campus,Rourkela,Executive,41022.01,2,51,30,73195.56
TIET/Thapar University,Mumbai,Manager,46797.1,4,62,58,100571.51
IIT Kanpur,Chennai,Manager,43937.13,4,68,62,84993.41
"KIIT, Bhubaneswar",Rajpur Sonarpur,Executive,42014.59,4,37,27,67278.76
IIT Bombay,Bangalore,Executive,63132.4,2,61,22,116895.07
NIT Calicut,Hyderabad,Executive,69818.05,1,59,38,113386.37
"IEM, Kolkata",Delhi,Executive,65200.74,3,48,18,64452.84
SVNIT Surat,Rajpur Sonarpur,Executive,72866.91,1,46,36,73577.9
IIITM Gwalior,Kozhikode,Executive,49982.57,2,74,19,90811.45
SRM Main Campus,Rourkela,Executive,56451.77,4,68,18,61396.06
TIET/Thapar University,Kolkata,Executive,51578.95,4,51,38,119857.8
IIT Bombay,Durgapur,Executive,49526.89,2,52,42,76598.94
IIT Madras,Mumbai,Executive,45670.01,4,64,29,90970.83
IIT Kanpur,Chennai,Executive,47546.82,3,67,50,108117.95
IIT Kharagpur,Mumbai,Executive,74876.88,3,82,30,97967.5
SRM Main Campus,Rourkela,Executive,57594.31,3,74,37,106049.4
SRM Main Campus,Rajpur Sonarpur,Executive,56751.18,4,52,23,65715.01
IIT Bombay,Rourkela,Executive,67055.93,1,67,29,88619.7
IIT Madras,Durgapur,Executive,71448.47,4,57,37,63148.41
NIT Bhopal,Rajpur Sonarpur,Executive,55259.94,4,76,64,78558.37
IIT Madras,Hyderabad,Executive,73867.08,4,81,21,56923.78
SRM Main Campus,Chennai,Executive,49904.9,2,81,19,71798.17
"Ramaiah Institute of Technology, Bengaluru",Chennai,Executive,59408.27,1,68,27,59038.43
IIT Kharagpur,Bangalore,Executive,43463.7,3,81,36,79994.19
IIT Kanpur,Bangalore,Executive,48921.86,4,74,45,108988.55
SVNIT Surat,Kozhikode,Manager,69414.11,3,78,54,101697.19
IIT Bombay,Hyderabad,Executive,44210.28,3,66,57,108588.68
"IEM, Kolkata",Delhi,Manager,50673.17,3,85,64,108242.66
IIIT Bangalore,Kozhikode,Executive,49780.76,2,45,31,109214.25
SVNIT Surat,Kozhikode,Manager,42182.77,1,41,36,57480.11
